W 1844799 tid=main len=1600000000000000000a00000001000000
W 1844799 tid=main len=2400000000000000000600000020030000580200000000803f
R 1844801 tid=renderer-ipc-in len=1600000000000000000a00000001000000
R 1844801 tid=renderer-ipc-in len=2400000000000000000600000020030000580200000000803f
W 1844799 tid=main len=320100000000000000320000000700000000000000000000000000000000000000
R 1844801 tid=renderer-ipc-in len=320100000000000000320000000700000000000000000000000000000000000000
W 1844801 tid=zero-compositor-publish len=68010000000000000033000000000000000000000000000000000000000100000002000000180000000000000073637269…
R 1844799 tid=renderer-1-ipc-in len=68010000000000000033000000000000000000000000000000000000000100000002000000180000000000000073637269…
W 1844799 tid=main len=1600000000000000000800000000000000
W 1844799 tid=main len=1600000000000000000700000000000000
R 1844801 tid=renderer-ipc-in len=1600000000000000000800000000000000
R 1844801 tid=renderer-ipc-in len=1600000000000000000700000000000000
W 1844799 tid=main len=320200000000000000320000000700000000000000000000000000000000000000
R 1844801 tid=renderer-ipc-in len=320200000000000000320000000700000000000000000000000000000000000000
W 1844801 tid=zero-compositor-publish len=46401000000000000001d00000001000000000000000000000000000000010000000000000020030000580200000000803f…
W 1844801 tid=zero-compositor-publish len=2002000000000000000c0000000000000000000000
R 1844799 tid=renderer-1-ipc-in len=46401000000000000001d00000001000000000000000000000000000000010000000000000020030000580200000000803f…
R 1844799 tid=renderer-1-ipc-in len=2002000000000000000c0000000000000000000000
W 1844801 tid=zero-compositor-publish len=46403000000000000001d00000001000000000000000000000000000000020000000000000020030000580200000000803f…
R 1844799 tid=renderer-1-ipc-in len=46403000000000000001d00000001000000000000000000000000000000020000000000000020030000580200000000803f…
W 1844801 tid=zero-compositor-publish len=68020000000000000033000000000000000000000000000000000000000100000002000000180000000000000073637269…
R 1844799 tid=renderer-1-ipc-in len=68020000000000000033000000000000000000000000000000000000000100000002000000180000000000000073637269…
W 1844799 tid=main len=1600000000000000000800000000000000
W 1844799 tid=main len=1600000000000000000700000000000000
R 1844801 tid=renderer-ipc-in len=1600000000000000000800000000000000
R 1844801 tid=renderer-ipc-in len=1600000000000000000700000000000000
W 1844801 tid=zero-compositor-publish len=46404000000000000001d00000001000000000000000000000000000000030000000000000020030000580200000000803f…
R 1844799 tid=renderer-1-ipc-in len=46404000000000000001d00000001000000000000000000000000000000030000000000000020030000580200000000803f…
W 1844801 tid=zero-compositor-publish len=46405000000000000001d00000001000000000000000000000000000000040000000000000020030000580200000000803f…
R 1844799 tid=renderer-1-ipc-in len=46405000000000000001d00000001000000000000000000000000000000040000000000000020030000580200000000803f…
W 1844799 tid=main len=320300000000000000320000000700000000000000000000000000000000000000
R 1844801 tid=renderer-ipc-in len=320300000000000000320000000700000000000000000000000000000000000000
W 1844801 tid=zero-compositor-publish len=68030000000000000033000000000000000000000000000000000000000100000002000000180000000000000073637269…
R 1844799 tid=renderer-1-ipc-in len=68030000000000000033000000000000000000000000000000000000000100000002000000180000000000000073637269…
W 1844799 tid=main len=1600000000000000000800000000000000
W 1844799 tid=main len=1600000000000000000700000000000000
R 1844801 tid=renderer-ipc-in len=1600000000000000000800000000000000
R 1844801 tid=renderer-ipc-in len=1600000000000000000700000000000000
W 1844801 tid=zero-compositor-publish len=46406000000000000001d00000001000000000000000000000000000000050000000000000020030000580200000000803f…
R 1844799 tid=renderer-1-ipc-in len=46406000000000000001d00000001000000000000000000000000000000050000000000000020030000580200000000803f…
W 1844801 tid=zero-compositor-publish len=46407000000000000001d00000001000000000000000000000000000000060000000000000020030000580200000000803f…
R 1844799 tid=renderer-1-ipc-in len=46407000000000000001d00000001000000000000000000000000000000060000000000000020030000580200000000803f…
W 1844799 tid=main len=2400000000000000000600000020030000580200000000803f
R 1844801 tid=renderer-ipc-in len=2400000000000000000600000020030000580200000000803f
W 1844801 tid=zero-compositor-publish len=46408000000000000001d00000001000000000000000000000000000000070000000000000020030000580200000000803f…
R 1844799 tid=renderer-1-ipc-in len=46408000000000000001d00000001000000000000000000000000000000070000000000000020030000580200000000803f…
W 1844799 tid=main len=520000000000000000000000001700000000000000687474703a2f2f3132372e302e302e313a33393338332f0001000000…
R 1844801 tid=renderer-ipc-in len=520000000000000000000000001700000000000000687474703a2f2f3132372e302e302e313a33393338332f0001000000…
W 1844801 tid=zero-compositor-publish len=510900000000000000360000001700000000000000687474703a2f2f3132372e302e302e313a33393338332f0100000000…
W 1844801 tid=zero-compositor-publish len=430a000000000000000d0000001700000000000000687474703a2f2f3132372e302e302e313a33393338332f
R 1844799 tid=renderer-1-ipc-in len=510900000000000000360000001700000000000000687474703a2f2f3132372e302e302e313a33393338332f0100000000…
R 1844799 tid=renderer-1-ipc-in len=430a000000000000000d0000001700000000000000687474703a2f2f3132372e302e302e313a33393338332f
W 1844801 tid=renderer-runtime-1 len=14700000000000000001900000001000000000000001700000000000000687474703a2f2f3132372e302e302e313a333933…
R 1844799 tid=renderer-1-ipc-in len=14700000000000000001900000001000000000000001700000000000000687474703a2f2f3132372e302e302e313a333933…
W 1844799 tid=main len=234001000000000000001a0000000100000000000000c80005000000000000000c00000000000000636f6e74656e742d7479…
R 1844801 tid=renderer-ipc-in len=234001000000000000001a0000000100000000000000c80005000000000000000c00000000000000636f6e74656e742d7479…
W 1844801 tid=zero-compositor-publish len=111350b000000000000001d00000001000000000000000100000000000000080000000000000020030000580200000000803f…
W 1844801 tid=zero-compositor-publish len=310c000000000000000c0000000b000000000000006d61747269782d6d61696e
R 1844799 tid=renderer-1-ipc-in len=111350b000000000000001d00000001000000000000000100000000000000080000000000000020030000580200000000803f…
R 1844799 tid=renderer-1-ipc-in len=310c000000000000000c0000000b000000000000006d61747269782d6d61696e
W 1844801 tid=zero-compositor-publish len=111350d000000000000001d00000001000000000000000100000000000000090000000000000020030000580200000000803f…
R 1844799 tid=renderer-1-ipc-in len=111350d000000000000001d00000001000000000000000100000000000000090000000000000020030000580200000000803f…
W 1844801 tid=zero-compositor-publish len=510e00000000000000370000001700000000000000687474703a2f2f3132372e302e302e313a33393338332f0100000000…
W 1844801 tid=zero-compositor-publish len=120f000000000000000e000000
R 1844799 tid=renderer-1-ipc-in len=510e00000000000000370000001700000000000000687474703a2f2f3132372e302e302e313a33393338332f0100000000…
R 1844799 tid=renderer-1-ipc-in len=120f000000000000000e000000
W 1844799 tid=main len=320400000000000000320000000700000000000000000000000000000000000000
R 1844801 tid=renderer-ipc-in len=320400000000000000320000000700000000000000000000000000000000000000
W 1844801 tid=zero-compositor-publish len=1113510000000000000001d000000010000000000000001000000000000000a0000000000000020030000580200000000803f…
R 1844799 tid=renderer-1-ipc-in len=1113510000000000000001d000000010000000000000001000000000000000a0000000000000020030000580200000000803f…
W 1844801 tid=zero-compositor-publish len=7911000000000000003e00000003000000000000006c6f671200000000000000626f6f74207b2261223a317d205b312c32…
W 1844801 tid=zero-compositor-publish len=6012000000000000003e00000004000000000000007761726e08000000000000007761726e2d6d73670c00000000000000…
R 1844799 tid=renderer-1-ipc-in len=7911000000000000003e00000003000000000000006c6f671200000000000000626f6f74207b2261223a317d205b312c32…
W 1844801 tid=zero-compositor-publish len=6313000000000000003e00000005000000000000006572726f7209000000000000006572726f722d6d73670d0000000000…
R 1844799 tid=renderer-1-ipc-in len=6012000000000000003e00000004000000000000007761726e08000000000000007761726e2d6d73670c00000000000000…
W 1844801 tid=zero-compositor-publish len=68040000000000000033000000010000000000000001000000000000000100000002000000180000000000000073637269…
R 1844799 tid=renderer-1-ipc-in len=6313000000000000003e00000005000000000000006572726f7209000000000000006572726f722d6d73670d0000000000…
R 1844799 tid=renderer-1-ipc-in len=68040000000000000033000000010000000000000001000000000000000100000002000000180000000000000073637269…
W 1844799 tid=main len=320500000000000000320000000700000000000000000000000000000000000000
R 1844801 tid=renderer-ipc-in len=320500000000000000320000000700000000000000000000000000000000000000
W 1844801 tid=zero-compositor-publish len=68050000000000000033000000010000000000000001000000000000000100000002000000180000000000000073637269…
R 1844799 tid=renderer-1-ipc-in len=68050000000000000033000000010000000000000001000000000000000100000002000000180000000000000073637269…
W 1844799 tid=main len=320600000000000000320000000700000000000000000000000000000000000000
R 1844801 tid=renderer-ipc-in len=320600000000000000320000000700000000000000000000000000000000000000
W 1844801 tid=zero-compositor-publish len=68060000000000000033000000010000000000000001000000000000000100000002000000180000000000000073637269…
R 1844799 tid=renderer-1-ipc-in len=68060000000000000033000000010000000000000001000000000000000100000002000000180000000000000073637269…
W 1844799 tid=main len=8907000000000000003200000007000000390000000000000072657475726e20537472696e6728646f63756d656e742e71…
R 1844801 tid=renderer-ipc-in len=8907000000000000003200000007000000390000000000000072657475726e20537472696e6728646f63756d656e742e71…
W 1844801 tid=zero-compositor-publish len=49070000000000000033000000010000000000000001000000000000000000000003000000030000000100000000000000…
R 1844799 tid=renderer-1-ipc-in len=49070000000000000033000000010000000000000001000000000000000000000003000000030000000100000000000000…
W 1844799 tid=main len=11061080000000000000032000000080000001b2b0000000000000a202020202020282829203d3e207b0a2020202020202020…
R 1844801 tid=renderer-ipc-in len=11061080000000000000032000000080000001b2b0000000000000a202020202020282829203d3e207b0a2020202020202020…
W 1844801 tid=zero-compositor-publish len=49080000000000000033000000010000000000000001000000000000000000000003000000060000000100000000000000…
R 1844799 tid=renderer-1-ipc-in len=49080000000000000033000000010000000000000001000000000000000000000003000000060000000100000000000000…
W 1844799 tid=main len=2110900000000000000320000000900000001000000000000003b00000000000000287574696c6974795363726970742c20…
R 1844801 tid=renderer-ipc-in len=2110900000000000000320000000900000001000000000000003b00000000000000287574696c6974795363726970742c20…
W 1844801 tid=zero-compositor-publish len=59090000000000000033000000010000000000000001000000000000000000000003000000030000000b00000000000000…
R 1844799 tid=renderer-1-ipc-in len=59090000000000000033000000010000000000000001000000000000000000000003000000030000000b00000000000000…
W 1844799 tid=main len=110610a0000000000000032000000080000001b2b0000000000000a202020202020282829203d3e207b0a2020202020202020…
R 1844801 tid=renderer-ipc-in len=110610a0000000000000032000000080000001b2b0000000000000a202020202020282829203d3e207b0a2020202020202020…
W 1844801 tid=zero-compositor-publish len=490a0000000000000033000000010000000000000001000000000000000000000003000000060000000200000000000000…
R 1844799 tid=renderer-1-ipc-in len=490a0000000000000033000000010000000000000001000000000000000000000003000000060000000200000000000000…
W 1844799 tid=main len=2240b00000000000000320000000900000002000000000000003b00000000000000287574696c6974795363726970742c20…
R 1844801 tid=renderer-ipc-in len=2240b00000000000000320000000900000002000000000000003b00000000000000287574696c6974795363726970742c20…
W 1844801 tid=zero-compositor-publish len=6514000000000000003e00000003000000000000006c6f670b000000000000006c6174652d6c6f672034320f0000000000…
R 1844799 tid=renderer-1-ipc-in len=6514000000000000003e00000003000000000000006c6f670b000000000000006c6174652d6c6f672034320f0000000000…
W 1844801 tid=zero-compositor-publish len=400b000000000000003300000001000000000000000100000000000000000000000300000000000000
R 1844799 tid=renderer-1-ipc-in len=400b000000000000003300000001000000000000000100000000000000000000000300000000000000
W 1844799 tid=main len=1960c00000000000000320000000900000002000000000000003b00000000000000287574696c6974795363726970742c20…
R 1844801 tid=renderer-ipc-in len=1960c00000000000000320000000900000002000000000000003b00000000000000287574696c6974795363726970742c20…
W 1844801 tid=zero-compositor-publish len=480c0000000000000033000000010000000000000001000000000000000000000003000000020000000000000000000040
R 1844799 tid=renderer-1-ipc-in len=480c0000000000000033000000010000000000000001000000000000000000000003000000020000000000000000000040
W 1844799 tid=main len=2030d00000000000000320000000900000002000000000000003b00000000000000287574696c6974795363726970742c20…
R 1844801 tid=renderer-ipc-in len=2030d00000000000000320000000900000002000000000000003b00000000000000287574696c6974795363726970742c20…
W 1844801 tid=zero-compositor-publish len=480d0000000000000033000000010000000000000001000000000000000000000003000000020000000000000000004540
R 1844799 tid=renderer-1-ipc-in len=480d0000000000000033000000010000000000000001000000000000000000000003000000020000000000000000004540
W 1844799 tid=main len=2450e00000000000000320000000900000002000000000000003b00000000000000287574696c6974795363726970742c20…
R 1844801 tid=renderer-ipc-in len=2450e00000000000000320000000900000002000000000000003b00000000000000287574696c6974795363726970742c20…
W 1844801 tid=zero-compositor-publish len=480e0000000000000033000000010000000000000001000000000000000000000003000000020000000000000000004540
R 1844799 tid=renderer-1-ipc-in len=480e0000000000000033000000010000000000000001000000000000000000000003000000020000000000000000004540
W 1844799 tid=main len=2520f00000000000000320000000900000002000000000000003b00000000000000287574696c6974795363726970742c20…
R 1844801 tid=renderer-ipc-in len=2520f00000000000000320000000900000002000000000000003b00000000000000287574696c6974795363726970742c20…
W 1844801 tid=zero-compositor-publish len=4800f0000000000000033000000010000000000000001000000000000000000000003000000050000000200000000000000…
R 1844799 tid=renderer-1-ipc-in len=4800f0000000000000033000000010000000000000001000000000000000000000003000000050000000200000000000000…
W 1844799 tid=main len=2861000000000000000320000000900000002000000000000003b00000000000000287574696c6974795363726970742c20…
R 1844801 tid=renderer-ipc-in len=2861000000000000000320000000900000002000000000000003b00000000000000287574696c6974795363726970742c20…
W 1844801 tid=zero-compositor-publish len=58100000000000000033000000010000000000000001000000000000000000000003000000030000000a00000000000000…
R 1844799 tid=renderer-1-ipc-in len=58100000000000000033000000010000000000000001000000000000000000000003000000030000000a00000000000000…
W 1844799 tid=main len=321428110000000000000032000000080000007ae70400000000000a2020202020202020282829203d3e207b0a202020202020…
R 1844801 tid=renderer-ipc-in len=321428110000000000000032000000080000007ae70400000000000a2020202020202020282829203d3e207b0a202020202020…
W 1844801 tid=zero-compositor-publish len=49110000000000000033000000010000000000000001000000000000000000000003000000060000000300000000000000…
R 1844799 tid=renderer-1-ipc-in len=49110000000000000033000000010000000000000001000000000000000000000003000000060000000300000000000000…
W 1844799 tid=main len=36651200000000000000320000000900000001000000000000003b00000000000000287574696c6974795363726970742c20…
R 1844801 tid=renderer-ipc-in len=36651200000000000000320000000900000001000000000000003b00000000000000287574696c6974795363726970742c20…
W 1844801 tid=zero-compositor-publish len=49120000000000000033000000010000000000000001000000000000000000000003000000060000000400000000000000…
R 1844799 tid=renderer-1-ipc-in len=49120000000000000033000000010000000000000001000000000000000000000003000000060000000400000000000000…
W 1844799 tid=main len=2921300000000000000320000000900000001000000000000003b00000000000000287574696c6974795363726970742c20…
R 1844801 tid=renderer-ipc-in len=2921300000000000000320000000900000001000000000000003b00000000000000287574696c6974795363726970742c20…
W 1844801 tid=zero-compositor-publish len=584130000000000000033000000010000000000000001000000000000000000000003000000050000000200000000000000…
R 1844799 tid=renderer-1-ipc-in len=584130000000000000033000000010000000000000001000000000000000000000003000000050000000200000000000000…
W 1844799 tid=main len=2531400000000000000320000000900000001000000000000003b00000000000000287574696c6974795363726970742c20…
R 1844801 tid=renderer-ipc-in len=2531400000000000000320000000900000001000000000000003b00000000000000287574696c6974795363726970742c20…
W 1844801 tid=zero-compositor-publish len=49140000000000000033000000010000000000000001000000000000000000000003000000060000000500000000000000…
R 1844799 tid=renderer-1-ipc-in len=49140000000000000033000000010000000000000001000000000000000000000003000000060000000500000000000000…
W 1844799 tid=main len=2951500000000000000320000000900000001000000000000003b00000000000000287574696c6974795363726970742c20…
R 1844801 tid=renderer-ipc-in len=2951500000000000000320000000900000001000000000000003b00000000000000287574696c6974795363726970742c20…
W 1844801 tid=zero-compositor-publish len=88150000000000000033000000010000000000000001000000000000000000000003000000030000002800000000000000…
R 1844799 tid=renderer-1-ipc-in len=88150000000000000033000000010000000000000001000000000000000000000003000000030000002800000000000000…
W 1844799 tid=main len=241600000000000000320000000a0000000400000000000000
R 1844801 tid=renderer-ipc-in len=241600000000000000320000000a0000000400000000000000
W 1844801 tid=zero-compositor-publish len=36160000000000000033000000010000000000000001000000000000000000000000000000
R 1844799 tid=renderer-1-ipc-in len=36160000000000000033000000010000000000000001000000000000000000000000000000
W 1844799 tid=main len=8431700000000000000320000000900000001000000000000003b00000000000000287574696c6974795363726970742c20…
R 1844801 tid=renderer-ipc-in len=8431700000000000000320000000900000001000000000000003b00000000000000287574696c6974795363726970742c20…
W 1844801 tid=zero-compositor-publish len=2815000000000000003100000001060000000000000023696e70757401
R 1844799 tid=renderer-1-ipc-in len=2815000000000000003100000001060000000000000023696e70757401
W 1844801 tid=zero-compositor-publish len=58170000000000000033000000010000000000000001000000000000000000000003000000030000000a00000000000000…
R 1844799 tid=renderer-1-ipc-in len=58170000000000000033000000010000000000000001000000000000000000000003000000030000000a00000000000000…
W 1844799 tid=main len=3700000000000000002b000000020000000b0000000000000068656c6c6f20776f726c640000
R 1844801 tid=renderer-ipc-in len=3700000000000000002b000000020000000b0000000000000068656c6c6f20776f726c640000
W 1844799 tid=main len=241800000000000000320000000a0000000500000000000000
R 1844801 tid=renderer-ipc-in len=241800000000000000320000000a0000000500000000000000
W 1844801 tid=zero-compositor-publish len=1186516000000000000001d000000010000000000000001000000000000000b0000000000000020030000580200000000803f…
R 1844799 tid=renderer-1-ipc-in len=1186516000000000000001d000000010000000000000001000000000000000b0000000000000020030000580200000000803f…
W 1844801 tid=zero-compositor-publish len=36180000000000000033000000010000000000000001000000000000000000000000000000
R 1844799 tid=renderer-1-ipc-in len=36180000000000000033000000010000000000000001000000000000000000000000000000
W 1844799 tid=main len=41151900000000000000320000000900000001000000000000003b00000000000000287574696c6974795363726970742c20…
R 1844801 tid=renderer-ipc-in len=41151900000000000000320000000900000001000000000000003b00000000000000287574696c6974795363726970742c20…
W 1844801 tid=zero-compositor-publish len=428190000000000000033000000010000000000000001000000000000000000000003000000050000000200000000000000…
R 1844799 tid=renderer-1-ipc-in len=428190000000000000033000000010000000000000001000000000000000000000003000000050000000200000000000000…
W 1844799 tid=main len=36651a00000000000000320000000900000001000000000000003b00000000000000287574696c6974795363726970742c20…
R 1844801 tid=renderer-ipc-in len=36651a00000000000000320000000900000001000000000000003b00000000000000287574696c6974795363726970742c20…
W 1844801 tid=zero-compositor-publish len=491a0000000000000033000000010000000000000001000000000000000000000003000000060000000600000000000000…
R 1844799 tid=renderer-1-ipc-in len=491a0000000000000033000000010000000000000001000000000000000000000003000000060000000600000000000000…
W 1844799 tid=main len=2921b00000000000000320000000900000001000000000000003b00000000000000287574696c6974795363726970742c20…
R 1844801 tid=renderer-ipc-in len=2921b00000000000000320000000900000001000000000000003b00000000000000287574696c6974795363726970742c20…
W 1844801 tid=zero-compositor-publish len=5841b0000000000000033000000010000000000000001000000000000000000000003000000050000000200000000000000…
R 1844799 tid=renderer-1-ipc-in len=5841b0000000000000033000000010000000000000001000000000000000000000003000000050000000200000000000000…
W 1844799 tid=main len=2531c00000000000000320000000900000001000000000000003b00000000000000287574696c6974795363726970742c20…
R 1844801 tid=renderer-ipc-in len=2531c00000000000000320000000900000001000000000000003b00000000000000287574696c6974795363726970742c20…
W 1844801 tid=zero-compositor-publish len=491c0000000000000033000000010000000000000001000000000000000000000003000000060000000700000000000000…
R 1844799 tid=renderer-1-ipc-in len=491c0000000000000033000000010000000000000001000000000000000000000003000000060000000700000000000000…
W 1844799 tid=main len=2951d00000000000000320000000900000001000000000000003b00000000000000287574696c6974795363726970742c20…
R 1844801 tid=renderer-ipc-in len=2951d00000000000000320000000900000001000000000000003b00000000000000287574696c6974795363726970742c20…
W 1844801 tid=zero-compositor-publish len=881d0000000000000033000000010000000000000001000000000000000000000003000000030000002800000000000000…
R 1844799 tid=renderer-1-ipc-in len=881d0000000000000033000000010000000000000001000000000000000000000003000000030000002800000000000000…
W 1844799 tid=main len=241e00000000000000320000000a0000000600000000000000
R 1844801 tid=renderer-ipc-in len=241e00000000000000320000000a0000000600000000000000
W 1844801 tid=zero-compositor-publish len=361e0000000000000033000000010000000000000001000000000000000000000000000000
R 1844799 tid=renderer-1-ipc-in len=361e0000000000000033000000010000000000000001000000000000000000000000000000
W 1844799 tid=main len=8321f00000000000000320000000900000001000000000000003b00000000000000287574696c6974795363726970742c20…
R 1844801 tid=renderer-ipc-in len=8321f00000000000000320000000900000001000000000000003b00000000000000287574696c6974795363726970742c20…
W 1844801 tid=zero-compositor-publish len=581f0000000000000033000000010000000000000001000000000000000000000003000000030000000a00000000000000…
R 1844799 tid=renderer-1-ipc-in len=581f0000000000000033000000010000000000000001000000000000000000000003000000030000000a00000000000000…
W 1844799 tid=main len=4800000000000000002a000000060000000000000044656c657465060000000000000044656c6574650000000000000000
R 1844801 tid=renderer-ipc-in len=4800000000000000002a000000060000000000000044656c657465060000000000000044656c6574650000000000000000
W 1844799 tid=main len=4800000000000000002a000000060000000000000044656c657465060000000000000044656c6574650000000001000000
R 1844801 tid=renderer-ipc-in len=4800000000000000002a000000060000000000000044656c657465060000000000000044656c6574650000000001000000
W 1844799 tid=main len=242000000000000000320000000a0000000700000000000000
R 1844801 tid=renderer-ipc-in len=242000000000000000320000000a0000000700000000000000
W 1844801 tid=zero-compositor-publish len=36200000000000000033000000010000000000000001000000000000000000000000000000
R 1844799 tid=renderer-1-ipc-in len=36200000000000000033000000010000000000000001000000000000000000000000000000
W 1844799 tid=main len=4100000000000000002a00000001000000000000006104000000000000004b6579410000000000000000
R 1844801 tid=renderer-ipc-in len=4100000000000000002a00000001000000000000006104000000000000004b6579410000000000000000
W 1844801 tid=zero-compositor-publish len=1118517000000000000001d000000010000000000000001000000000000000c0000000000000020030000580200000000803f…
R 1844799 tid=renderer-1-ipc-in len=1118517000000000000001d000000010000000000000001000000000000000c0000000000000020030000580200000000803f…
W 1844799 tid=main len=4100000000000000002a00000001000000000000006104000000000000004b6579410000000001000000
R 1844801 tid=renderer-ipc-in len=4100000000000000002a00000001000000000000006104000000000000004b6579410000000001000000
W 1844799 tid=main len=4100000000000000002a00000001000000000000006204000000000000004b6579420000000000000000
R 1844801 tid=renderer-ipc-in len=4100000000000000002a00000001000000000000006204000000000000004b6579420000000000000000
W 1844799 tid=main len=4100000000000000002a00000001000000000000006204000000000000004b6579420000000001000000
R 1844801 tid=renderer-ipc-in len=4100000000000000002a00000001000000000000006204000000000000004b6579420000000001000000
W 1844799 tid=main len=4100000000000000002a00000001000000000000006304000000000000004b6579430000000000000000
R 1844801 tid=renderer-ipc-in len=4100000000000000002a00000001000000000000006304000000000000004b6579430000000000000000
W 1844799 tid=main len=4100000000000000002a00000001000000000000006304000000000000004b6579430000000001000000
R 1844801 tid=renderer-ipc-in len=4100000000000000002a00000001000000000000006304000000000000004b6579430000000001000000
W 1844799 tid=main len=5400000000000000002a0000000700000000000000436f6e74726f6c0b00000000000000436f6e74726f6c4c6566740100…
R 1844801 tid=renderer-ipc-in len=5400000000000000002a0000000700000000000000436f6e74726f6c0b00000000000000436f6e74726f6c4c6566740100…
W 1844799 tid=main len=4100000000000000002a00000001000000000000006104000000000000004b6579410100000000000000
R 1844801 tid=renderer-ipc-in len=4100000000000000002a00000001000000000000006104000000000000004b6579410100000000000000
W 1844799 tid=main len=4100000000000000002a00000001000000000000006104000000000000004b6579410100000001000000
R 1844801 tid=renderer-ipc-in len=4100000000000000002a00000001000000000000006104000000000000004b6579410100000001000000
W 1844799 tid=main len=5400000000000000002a0000000700000000000000436f6e74726f6c0b00000000000000436f6e74726f6c4c6566740000…
R 1844801 tid=renderer-ipc-in len=5400000000000000002a0000000700000000000000436f6e74726f6c0b00000000000000436f6e74726f6c4c6566740000…
W 1844799 tid=main len=4200000000000000002a00000001000000000000000d0500000000000000456e7465720000000000000000
R 1844801 tid=renderer-ipc-in len=4200000000000000002a00000001000000000000000d0500000000000000456e7465720000000000000000
W 1844799 tid=main len=4600000000000000002a0000000500000000000000456e7465720500000000000000456e7465720000000001000000
R 1844801 tid=renderer-ipc-in len=4600000000000000002a0000000500000000000000456e7465720500000000000000456e7465720000000001000000
W 1844799 tid=main len=41152100000000000000320000000900000001000000000000003b00000000000000287574696c6974795363726970742c20…
R 1844801 tid=renderer-ipc-in len=41152100000000000000320000000900000001000000000000003b00000000000000287574696c6974795363726970742c20…
W 1844801 tid=zero-compositor-publish len=1125318000000000000001d000000010000000000000001000000000000000d0000000000000020030000580200000000803f…
R 1844799 tid=renderer-1-ipc-in len=1125318000000000000001d000000010000000000000001000000000000000d0000000000000020030000580200000000803f…
W 1844801 tid=zero-compositor-publish len=1132119000000000000001d000000010000000000000001000000000000000e0000000000000020030000580200000000803f…
R 1844799 tid=renderer-1-ipc-in len=1132119000000000000001d000000010000000000000001000000000000000e0000000000000020030000580200000000803f…
W 1844801 tid=zero-compositor-publish len=420210000000000000033000000010000000000000001000000000000000000000003000000050000000200000000000000…
R 1844799 tid=renderer-1-ipc-in len=420210000000000000033000000010000000000000001000000000000000000000003000000050000000200000000000000…
W 1844799 tid=main len=36612200000000000000320000000900000001000000000000003b00000000000000287574696c6974795363726970742c20…
R 1844801 tid=renderer-ipc-in len=36612200000000000000320000000900000001000000000000003b00000000000000287574696c6974795363726970742c20…
W 1844801 tid=zero-compositor-publish len=49220000000000000033000000010000000000000001000000000000000000000003000000060000000800000000000000…
R 1844799 tid=renderer-1-ipc-in len=49220000000000000033000000010000000000000001000000000000000000000003000000060000000800000000000000…
W 1844799 tid=main len=2922300000000000000320000000900000001000000000000003b00000000000000287574696c6974795363726970742c20…
R 1844801 tid=renderer-ipc-in len=2922300000000000000320000000900000001000000000000003b00000000000000287574696c6974795363726970742c20…
W 1844801 tid=zero-compositor-publish len=587230000000000000033000000010000000000000001000000000000000000000003000000050000000200000000000000…
R 1844799 tid=renderer-1-ipc-in len=587230000000000000033000000010000000000000001000000000000000000000003000000050000000200000000000000…
W 1844799 tid=main len=2532400000000000000320000000900000001000000000000003b00000000000000287574696c6974795363726970742c20…
R 1844801 tid=renderer-ipc-in len=2532400000000000000320000000900000001000000000000003b00000000000000287574696c6974795363726970742c20…
W 1844801 tid=zero-compositor-publish len=49240000000000000033000000010000000000000001000000000000000000000003000000060000000900000000000000…
R 1844799 tid=renderer-1-ipc-in len=49240000000000000033000000010000000000000001000000000000000000000003000000060000000900000000000000…
W 1844799 tid=main len=2952500000000000000320000000900000001000000000000003b00000000000000287574696c6974795363726970742c20…
R 1844801 tid=renderer-ipc-in len=2952500000000000000320000000900000001000000000000003b00000000000000287574696c6974795363726970742c20…
W 1844801 tid=zero-compositor-publish len=91250000000000000033000000010000000000000001000000000000000000000003000000030000002b00000000000000…
R 1844799 tid=renderer-1-ipc-in len=91250000000000000033000000010000000000000001000000000000000000000003000000030000002b00000000000000…
W 1844799 tid=main len=242600000000000000320000000a0000000800000000000000
R 1844801 tid=renderer-ipc-in len=242600000000000000320000000a0000000800000000000000
W 1844801 tid=zero-compositor-publish len=36260000000000000033000000010000000000000001000000000000000000000000000000
R 1844799 tid=renderer-1-ipc-in len=36260000000000000033000000010000000000000001000000000000000000000000000000
W 1844799 tid=main len=6692700000000000000320000000900000001000000000000003b00000000000000287574696c6974795363726970742c20…
R 1844801 tid=renderer-ipc-in len=6692700000000000000320000000900000001000000000000003b00000000000000287574696c6974795363726970742c20…
W 1844801 tid=zero-compositor-publish len=4027000000000000003300000001000000000000000100000000000000000000000300000000000000
R 1844799 tid=renderer-1-ipc-in len=4027000000000000003300000001000000000000000100000000000000000000000300000000000000
W 1844799 tid=main len=3252800000000000000320000000900000009000000000000000d01000000000000286529203d3e207b2069662028216520…
R 1844801 tid=renderer-ipc-in len=3252800000000000000320000000900000009000000000000000d01000000000000286529203d3e207b2069662028216520…
W 1844801 tid=zero-compositor-publish len=412800000000000000330000000100000000000000010000000000000000000000030000000100000001
R 1844799 tid=renderer-1-ipc-in len=412800000000000000330000000100000000000000010000000000000000000000030000000100000001
W 1844799 tid=main len=309290000000000000032000000090000000900000000000000fd00000000000000286529203d3e207b2069662028216520…
R 1844801 tid=renderer-ipc-in len=309290000000000000032000000090000000900000000000000fd00000000000000286529203d3e207b2069662028216520…
W 1844801 tid=zero-compositor-publish len=144290000000000000033000000010000000000000001000000000000000000000003000000040000000800000000000000…
R 1844799 tid=renderer-1-ipc-in len=144290000000000000033000000010000000000000001000000000000000000000003000000040000000800000000000000…
W 1844799 tid=main len=2412a00000000000000320000000900000001000000000000003b00000000000000287574696c6974795363726970742c20…
R 1844801 tid=renderer-ipc-in len=2412a00000000000000320000000900000001000000000000003b00000000000000287574696c6974795363726970742c20…
W 1844801 tid=zero-compositor-publish len=2102a0000000000000033000000010000000000000001000000000000000000000003000000050000000200000000000000…
R 1844799 tid=renderer-1-ipc-in len=2102a0000000000000033000000010000000000000001000000000000000000000003000000050000000200000000000000…
W 1844799 tid=main len=8372b00000000000000320000000900000001000000000000003b00000000000000287574696c6974795363726970742c20…
R 1844801 tid=renderer-ipc-in len=8372b00000000000000320000000900000001000000000000003b00000000000000287574696c6974795363726970742c20…
W 1844801 tid=zero-compositor-publish len=492b0000000000000033000000010000000000000001000000000000000000000003000000060000000a00000000000000…
R 1844799 tid=renderer-1-ipc-in len=492b0000000000000033000000010000000000000001000000000000000000000003000000060000000a00000000000000…
W 1844799 tid=main len=2500000000000000002900000000007043713dc8420002000000
R 1844801 tid=renderer-ipc-in len=2500000000000000002900000000007043713dc8420002000000
W 1844799 tid=main len=2500000000000000002900000000007043713dc8420000000000
R 1844801 tid=renderer-ipc-in len=2500000000000000002900000000007043713dc8420000000000
W 1844799 tid=main len=2500000000000000002900000000007043713dc8420001000000
W 1844799 tid=main len=2500000000000000002900000000007043713dc8420003000000
R 1844801 tid=renderer-ipc-in len=2500000000000000002900000000007043713dc8420001000000
R 1844801 tid=renderer-ipc-in len=2500000000000000002900000000007043713dc8420003000000
W 1844799 tid=main len=2522c00000000000000320000000900000001000000000000003b00000000000000287574696c6974795363726970742c20…
R 1844801 tid=renderer-ipc-in len=2522c00000000000000320000000900000001000000000000003b00000000000000287574696c6974795363726970742c20…
W 1844801 tid=zero-compositor-publish len=141a00000000000000310000000000
R 1844799 tid=renderer-1-ipc-in len=141a00000000000000310000000000
W 1844801 tid=zero-compositor-publish len=261b00000000000000310000000104000000000000002362746e00
R 1844799 tid=renderer-1-ipc-in len=261b00000000000000310000000104000000000000002362746e00
W 1844801 tid=zero-compositor-publish len=118241c000000000000001d000000010000000000000001000000000000000f0000000000000020030000580200000000803f…
R 1844799 tid=renderer-1-ipc-in len=118241c000000000000001d000000010000000000000001000000000000000f0000000000000020030000580200000000803f…
W 1844801 tid=zero-compositor-publish len=731d000000000000003e00000003000000000000006c6f670f00000000000000636c69636b6564207b226e223a317d1300…
R 1844799 tid=renderer-1-ipc-in len=731d000000000000003e00000003000000000000006c6f670f00000000000000636c69636b6564207b226e223a317d1300…
W 1844801 tid=zero-compositor-publish len=522c0000000000000033000000010000000000000001000000000000000000000003000000030000000400000000000000…
R 1844799 tid=renderer-1-ipc-in len=522c0000000000000033000000010000000000000001000000000000000000000003000000030000000400000000000000…
W 1844799 tid=main len=242d00000000000000320000000a0000000a00000000000000
R 1844801 tid=renderer-ipc-in len=242d00000000000000320000000a0000000a00000000000000
W 1844801 tid=zero-compositor-publish len=362d0000000000000033000000010000000000000001000000000000000000000000000000
R 1844799 tid=renderer-1-ipc-in len=362d0000000000000033000000010000000000000001000000000000000000000000000000
W 1844799 tid=main len=242e00000000000000320000000a0000000900000000000000
R 1844801 tid=renderer-ipc-in len=242e00000000000000320000000a0000000900000000000000
W 1844801 tid=zero-compositor-publish len=362e0000000000000033000000010000000000000001000000000000000000000000000000
R 1844799 tid=renderer-1-ipc-in len=362e0000000000000033000000010000000000000001000000000000000000000000000000
W 1844799 tid=main len=36992f00000000000000320000000900000001000000000000003b00000000000000287574696c6974795363726970742c20…
R 1844801 tid=renderer-ipc-in len=36992f00000000000000320000000900000001000000000000003b00000000000000287574696c6974795363726970742c20…
W 1844801 tid=zero-compositor-publish len=492f0000000000000033000000010000000000000001000000000000000000000003000000060000000b00000000000000…
R 1844799 tid=renderer-1-ipc-in len=492f0000000000000033000000010000000000000001000000000000000000000003000000060000000b00000000000000…
W 1844799 tid=main len=3023000000000000000320000000900000001000000000000003b00000000000000287574696c6974795363726970742c20…
R 1844801 tid=renderer-ipc-in len=3023000000000000000320000000900000001000000000000003b00000000000000287574696c6974795363726970742c20…
W 1844801 tid=zero-compositor-publish len=322300000000000000033000000010000000000000001000000000000000000000003000000050000000200000000000000…
R 1844799 tid=renderer-1-ipc-in len=322300000000000000033000000010000000000000001000000000000000000000003000000050000000200000000000000…
W 1844799 tid=main len=2533100000000000000320000000900000001000000000000003b00000000000000287574696c6974795363726970742c20…
R 1844801 tid=renderer-ipc-in len=2533100000000000000320000000900000001000000000000003b00000000000000287574696c6974795363726970742c20…
W 1844801 tid=zero-compositor-publish len=49310000000000000033000000010000000000000001000000000000000000000003000000060000000c00000000000000…
R 1844799 tid=renderer-1-ipc-in len=49310000000000000033000000010000000000000001000000000000000000000003000000060000000c00000000000000…
W 1844799 tid=main len=2953200000000000000320000000900000001000000000000003b00000000000000287574696c6974795363726970742c20…
R 1844801 tid=renderer-ipc-in len=2953200000000000000320000000900000001000000000000003b00000000000000287574696c6974795363726970742c20…
W 1844801 tid=zero-compositor-publish len=92320000000000000033000000010000000000000001000000000000000000000003000000030000002c00000000000000…
R 1844799 tid=renderer-1-ipc-in len=92320000000000000033000000010000000000000001000000000000000000000003000000030000002c00000000000000…
W 1844799 tid=main len=243300000000000000320000000a0000000b00000000000000
R 1844801 tid=renderer-ipc-in len=243300000000000000320000000a0000000b00000000000000
W 1844801 tid=zero-compositor-publish len=36330000000000000033000000010000000000000001000000000000000000000000000000
R 1844799 tid=renderer-1-ipc-in len=36330000000000000033000000010000000000000001000000000000000000000000000000
W 1844799 tid=main len=297340000000000000032000000090000000c00000000000000f100000000000000286529203d3e20287b206e6f64654e61…
R 1844801 tid=renderer-ipc-in len=297340000000000000032000000090000000c00000000000000f100000000000000286529203d3e20287b206e6f64654e61…
W 1844801 tid=zero-compositor-publish len=251340000000000000033000000010000000000000001000000000000000000000003000000050000000500000000000000…
R 1844799 tid=renderer-1-ipc-in len=251340000000000000033000000010000000000000001000000000000000000000003000000050000000500000000000000…
W 1844799 tid=main len=64350000000000000032000000090000000c000000000000000800000000000000286529203d3e20650100000000000000…
R 1844801 tid=renderer-ipc-in len=64350000000000000032000000090000000c000000000000000800000000000000286529203d3e20650100000000000000…
W 1844801 tid=zero-compositor-publish len=49350000000000000033000000010000000000000001000000000000000000000003000000060000000d00000000000000…
R 1844799 tid=renderer-1-ipc-in len=49350000000000000033000000010000000000000001000000000000000000000003000000060000000d00000000000000…
W 1844799 tid=main len=321429360000000000000032000000080000007be70400000000000a2020202020202020282829203d3e207b0a202020202020…
R 1844801 tid=renderer-ipc-in len=321429360000000000000032000000080000007be70400000000000a2020202020202020282829203d3e207b0a202020202020…
W 1844801 tid=zero-compositor-publish len=49360000000000000033000000010000000000000001000000000000000000000003000000060000000e00000000000000…
R 1844799 tid=renderer-1-ipc-in len=49360000000000000033000000010000000000000001000000000000000000000003000000060000000e00000000000000…
W 1844799 tid=main len=243700000000000000320000000a0000000c00000000000000
R 1844801 tid=renderer-ipc-in len=243700000000000000320000000a0000000c00000000000000
W 1844801 tid=zero-compositor-publish len=36370000000000000033000000010000000000000001000000000000000000000000000000
R 1844799 tid=renderer-1-ipc-in len=36370000000000000033000000010000000000000001000000000000000000000000000000
W 1844799 tid=main len=36573800000000000000320000000900000001000000000000003b00000000000000287574696c6974795363726970742c20…
R 1844801 tid=renderer-ipc-in len=36573800000000000000320000000900000001000000000000003b00000000000000287574696c6974795363726970742c20…
W 1844801 tid=zero-compositor-publish len=49380000000000000033000000010000000000000001000000000000000000000003000000060000000f00000000000000…
R 1844799 tid=renderer-1-ipc-in len=49380000000000000033000000010000000000000001000000000000000000000003000000060000000f00000000000000…
W 1844799 tid=main len=2953900000000000000320000000900000002000000000000003b00000000000000287574696c6974795363726970742c20…
R 1844801 tid=renderer-ipc-in len=2953900000000000000320000000900000002000000000000003b00000000000000287574696c6974795363726970742c20…
W 1844801 tid=zero-compositor-publish len=92390000000000000033000000010000000000000001000000000000000000000003000000030000002c00000000000000…
R 1844799 tid=renderer-1-ipc-in len=92390000000000000033000000010000000000000001000000000000000000000003000000030000002c00000000000000…
W 1844799 tid=main len=2923a00000000000000320000000900000001000000000000003b00000000000000287574696c6974795363726970742c20…
R 1844801 tid=renderer-ipc-in len=2923a00000000000000320000000900000001000000000000003b00000000000000287574696c6974795363726970742c20…
W 1844801 tid=zero-compositor-publish len=5783a0000000000000033000000010000000000000001000000000000000000000003000000050000000200000000000000…
R 1844799 tid=renderer-1-ipc-in len=5783a0000000000000033000000010000000000000001000000000000000000000003000000050000000200000000000000…
W 1844799 tid=main len=2533b00000000000000320000000900000001000000000000003b00000000000000287574696c6974795363726970742c20…
R 1844801 tid=renderer-ipc-in len=2533b00000000000000320000000900000001000000000000003b00000000000000287574696c6974795363726970742c20…
W 1844801 tid=zero-compositor-publish len=493b0000000000000033000000010000000000000001000000000000000000000003000000060000001000000000000000…
R 1844799 tid=renderer-1-ipc-in len=493b0000000000000033000000010000000000000001000000000000000000000003000000060000001000000000000000…
W 1844799 tid=main len=2953c00000000000000320000000900000001000000000000003b00000000000000287574696c6974795363726970742c20…
R 1844801 tid=renderer-ipc-in len=2953c00000000000000320000000900000001000000000000003b00000000000000287574696c6974795363726970742c20…
W 1844801 tid=zero-compositor-publish len=823c0000000000000033000000010000000000000001000000000000000000000003000000030000002200000000000000…
R 1844799 tid=renderer-1-ipc-in len=823c0000000000000033000000010000000000000001000000000000000000000003000000030000002200000000000000…
W 1844799 tid=main len=243d00000000000000320000000a0000000f00000000000000
R 1844801 tid=renderer-ipc-in len=243d00000000000000320000000a0000000f00000000000000
W 1844801 tid=zero-compositor-publish len=363d0000000000000033000000010000000000000001000000000000000000000000000000
R 1844799 tid=renderer-1-ipc-in len=363d0000000000000033000000010000000000000001000000000000000000000000000000
W 1844799 tid=main len=6693e00000000000000320000000900000001000000000000003b00000000000000287574696c6974795363726970742c20…
R 1844801 tid=renderer-ipc-in len=6693e00000000000000320000000900000001000000000000003b00000000000000287574696c6974795363726970742c20…
W 1844801 tid=zero-compositor-publish len=403e000000000000003300000001000000000000000100000000000000000000000300000000000000
R 1844799 tid=renderer-1-ipc-in len=403e000000000000003300000001000000000000000100000000000000000000000300000000000000
W 1844799 tid=main len=3253f00000000000000320000000900000010000000000000000d01000000000000286529203d3e207b2069662028216520…
R 1844801 tid=renderer-ipc-in len=3253f00000000000000320000000900000010000000000000000d01000000000000286529203d3e207b2069662028216520…
W 1844801 tid=zero-compositor-publish len=413f00000000000000330000000100000000000000010000000000000000000000030000000100000001
R 1844799 tid=renderer-1-ipc-in len=413f00000000000000330000000100000000000000010000000000000000000000030000000100000001
W 1844799 tid=main len=309400000000000000032000000090000001000000000000000fd00000000000000286529203d3e207b2069662028216520…
R 1844801 tid=renderer-ipc-in len=309400000000000000032000000090000001000000000000000fd00000000000000286529203d3e207b2069662028216520…
W 1844801 tid=zero-compositor-publish len=144400000000000000033000000010000000000000001000000000000000000000003000000040000000800000000000000…
R 1844799 tid=renderer-1-ipc-in len=144400000000000000033000000010000000000000001000000000000000000000003000000040000000800000000000000…
W 1844799 tid=main len=2414100000000000000320000000900000001000000000000003b00000000000000287574696c6974795363726970742c20…
R 1844801 tid=renderer-ipc-in len=2414100000000000000320000000900000001000000000000003b00000000000000287574696c6974795363726970742c20…
W 1844801 tid=zero-compositor-publish len=210410000000000000033000000010000000000000001000000000000000000000003000000050000000200000000000000…
R 1844799 tid=renderer-1-ipc-in len=210410000000000000033000000010000000000000001000000000000000000000003000000050000000200000000000000…
W 1844799 tid=main len=8374200000000000000320000000900000001000000000000003b00000000000000287574696c6974795363726970742c20…
R 1844801 tid=renderer-ipc-in len=8374200000000000000320000000900000001000000000000003b00000000000000287574696c6974795363726970742c20…
W 1844801 tid=zero-compositor-publish len=49420000000000000033000000010000000000000001000000000000000000000003000000060000001100000000000000…
R 1844799 tid=renderer-1-ipc-in len=49420000000000000033000000010000000000000001000000000000000000000003000000060000001100000000000000…
W 1844799 tid=main len=250000000000000000290000000000c843000020420002000000
R 1844801 tid=renderer-ipc-in len=250000000000000000290000000000c843000020420002000000
W 1844799 tid=main len=250000000000000000290000000000c843000020420000000000
R 1844801 tid=renderer-ipc-in len=250000000000000000290000000000c843000020420000000000
W 1844799 tid=main len=250000000000000000290000000000c843000020420001000000
R 1844801 tid=renderer-ipc-in len=250000000000000000290000000000c843000020420001000000
W 1844799 tid=main len=250000000000000000290000000000c843000020420003000000
R 1844801 tid=renderer-ipc-in len=250000000000000000290000000000c843000020420003000000
W 1844799 tid=main len=250000000000000000290000000000c843000020420000000000
R 1844801 tid=renderer-ipc-in len=250000000000000000290000000000c843000020420000000000
W 1844799 tid=main len=250000000000000000290000000000c843000020420001000000
W 1844799 tid=main len=250000000000000000290000000000c843000020420004000000
R 1844801 tid=renderer-ipc-in len=250000000000000000290000000000c843000020420001000000
R 1844801 tid=renderer-ipc-in len=250000000000000000290000000000c843000020420004000000
W 1844801 tid=zero-compositor-publish len=141e00000000000000310000000000
R 1844799 tid=renderer-1-ipc-in len=141e00000000000000310000000000
W 1844799 tid=main len=2524300000000000000320000000900000001000000000000003b00000000000000287574696c6974795363726970742c20…
R 1844801 tid=renderer-ipc-in len=2524300000000000000320000000900000001000000000000003b00000000000000287574696c6974795363726970742c20…
W 1844801 tid=zero-compositor-publish len=52430000000000000033000000010000000000000001000000000000000000000003000000030000000400000000000000…
R 1844799 tid=renderer-1-ipc-in len=52430000000000000033000000010000000000000001000000000000000000000003000000030000000400000000000000…
W 1844799 tid=main len=244400000000000000320000000a0000001100000000000000
R 1844801 tid=renderer-ipc-in len=244400000000000000320000000a0000001100000000000000
W 1844801 tid=zero-compositor-publish len=36440000000000000033000000010000000000000001000000000000000000000000000000
R 1844799 tid=renderer-1-ipc-in len=36440000000000000033000000010000000000000001000000000000000000000000000000
W 1844799 tid=main len=244500000000000000320000000a0000001000000000000000
R 1844801 tid=renderer-ipc-in len=244500000000000000320000000a0000001000000000000000
W 1844801 tid=zero-compositor-publish len=36450000000000000033000000010000000000000001000000000000000000000000000000
R 1844799 tid=renderer-1-ipc-in len=36450000000000000033000000010000000000000001000000000000000000000000000000
W 1844799 tid=main len=36614600000000000000320000000900000001000000000000003b00000000000000287574696c6974795363726970742c20…
R 1844801 tid=renderer-ipc-in len=36614600000000000000320000000900000001000000000000003b00000000000000287574696c6974795363726970742c20…
W 1844801 tid=zero-compositor-publish len=49460000000000000033000000010000000000000001000000000000000000000003000000060000001200000000000000…
R 1844799 tid=renderer-1-ipc-in len=49460000000000000033000000010000000000000001000000000000000000000003000000060000001200000000000000…
W 1844799 tid=main len=2924700000000000000320000000900000001000000000000003b00000000000000287574696c6974795363726970742c20…
R 1844801 tid=renderer-ipc-in len=2924700000000000000320000000900000001000000000000003b00000000000000287574696c6974795363726970742c20…
W 1844801 tid=zero-compositor-publish len=587470000000000000033000000010000000000000001000000000000000000000003000000050000000200000000000000…
R 1844799 tid=renderer-1-ipc-in len=587470000000000000033000000010000000000000001000000000000000000000003000000050000000200000000000000…
W 1844799 tid=main len=2534800000000000000320000000900000001000000000000003b00000000000000287574696c6974795363726970742c20…
R 1844801 tid=renderer-ipc-in len=2534800000000000000320000000900000001000000000000003b00000000000000287574696c6974795363726970742c20…
W 1844801 tid=zero-compositor-publish len=49480000000000000033000000010000000000000001000000000000000000000003000000060000001300000000000000…
R 1844799 tid=renderer-1-ipc-in len=49480000000000000033000000010000000000000001000000000000000000000003000000060000001300000000000000…
W 1844799 tid=main len=2954900000000000000320000000900000001000000000000003b00000000000000287574696c6974795363726970742c20…
R 1844801 tid=renderer-ipc-in len=2954900000000000000320000000900000001000000000000003b00000000000000287574696c6974795363726970742c20…
W 1844801 tid=zero-compositor-publish len=91490000000000000033000000010000000000000001000000000000000000000003000000030000002b00000000000000…
R 1844799 tid=renderer-1-ipc-in len=91490000000000000033000000010000000000000001000000000000000000000003000000030000002b00000000000000…
W 1844799 tid=main len=244a00000000000000320000000a0000001200000000000000
R 1844801 tid=renderer-ipc-in len=244a00000000000000320000000a0000001200000000000000
W 1844801 tid=zero-compositor-publish len=364a0000000000000033000000010000000000000001000000000000000000000000000000
R 1844799 tid=renderer-1-ipc-in len=364a0000000000000033000000010000000000000001000000000000000000000000000000
W 1844799 tid=main len=6694b00000000000000320000000900000001000000000000003b00000000000000287574696c6974795363726970742c20…
R 1844801 tid=renderer-ipc-in len=6694b00000000000000320000000900000001000000000000003b00000000000000287574696c6974795363726970742c20…
W 1844801 tid=zero-compositor-publish len=404b000000000000003300000001000000000000000100000000000000000000000300000000000000
R 1844799 tid=renderer-1-ipc-in len=404b000000000000003300000001000000000000000100000000000000000000000300000000000000
W 1844799 tid=main len=3254c00000000000000320000000900000013000000000000000d01000000000000286529203d3e207b2069662028216520…
R 1844801 tid=renderer-ipc-in len=3254c00000000000000320000000900000013000000000000000d01000000000000286529203d3e207b2069662028216520…
W 1844801 tid=zero-compositor-publish len=414c00000000000000330000000100000000000000010000000000000000000000030000000100000001
R 1844799 tid=renderer-1-ipc-in len=414c00000000000000330000000100000000000000010000000000000000000000030000000100000001
W 1844799 tid=main len=2564d0000000000000032000000090000001300000000000000c800000000000000286529203d3e207b2069662028216520…
R 1844801 tid=renderer-ipc-in len=2564d0000000000000032000000090000001300000000000000c800000000000000286529203d3e207b2069662028216520…
W 1844801 tid=zero-compositor-publish len=964d0000000000000033000000010000000000000001000000000000000000000003000000040000000400000000000000…
R 1844799 tid=renderer-1-ipc-in len=964d0000000000000033000000010000000000000001000000000000000000000003000000040000000400000000000000…
W 1844799 tid=main len=4094e00000000000000320000000900000001000000000000003b00000000000000287574696c6974795363726970742c20…
R 1844801 tid=renderer-ipc-in len=4094e00000000000000320000000900000001000000000000003b00000000000000287574696c6974795363726970742c20…
W 1844801 tid=zero-compositor-publish len=2064e0000000000000033000000010000000000000001000000000000000000000003000000050000000200000000000000…
R 1844799 tid=renderer-1-ipc-in len=2064e0000000000000033000000010000000000000001000000000000000000000003000000050000000200000000000000…
W 1844799 tid=main len=8374f00000000000000320000000900000001000000000000003b00000000000000287574696c6974795363726970742c20…
R 1844801 tid=renderer-ipc-in len=8374f00000000000000320000000900000001000000000000003b00000000000000287574696c6974795363726970742c20…
W 1844801 tid=zero-compositor-publish len=494f0000000000000033000000010000000000000001000000000000000000000003000000060000001400000000000000…
R 1844799 tid=renderer-1-ipc-in len=494f0000000000000033000000010000000000000001000000000000000000000003000000060000001400000000000000…
W 1844799 tid=main len=2500000000000000002900000000004d43b89ebd420002000000
R 1844801 tid=renderer-ipc-in len=2500000000000000002900000000004d43b89ebd420002000000
W 1844799 tid=main len=2500000000000000002900000000004d43b89ebd420000000000
R 1844801 tid=renderer-ipc-in len=2500000000000000002900000000004d43b89ebd420000000000
W 1844799 tid=main len=2500000000000000002900000000004d43b89ebd420001000000
R 1844801 tid=renderer-ipc-in len=2500000000000000002900000000004d43b89ebd420001000000
W 1844799 tid=main len=2500000000000000002900000000004d43b89ebd420003000000
R 1844801 tid=renderer-ipc-in len=2500000000000000002900000000004d43b89ebd420003000000
W 1844799 tid=main len=2525000000000000000320000000900000001000000000000003b00000000000000287574696c6974795363726970742c20…
R 1844801 tid=renderer-ipc-in len=2525000000000000000320000000900000001000000000000003b00000000000000287574696c6974795363726970742c20…
W 1844801 tid=zero-compositor-publish len=261f00000000000000310000000104000000000000002362746e00
R 1844799 tid=renderer-1-ipc-in len=261f00000000000000310000000104000000000000002362746e00
W 1844801 tid=zero-compositor-publish len=1232720000000000000001d00000001000000000000000100000000000000100000000000000020030000580200000000803f…
R 1844799 tid=renderer-1-ipc-in len=1232720000000000000001d00000001000000000000000100000000000000100000000000000020030000580200000000803f…
W 1844801 tid=zero-compositor-publish len=7321000000000000003e00000003000000000000006c6f670f00000000000000636c69636b6564207b226e223a327d1300…
R 1844799 tid=renderer-1-ipc-in len=7321000000000000003e00000003000000000000006c6f670f00000000000000636c69636b6564207b226e223a327d1300…
W 1844801 tid=zero-compositor-publish len=52500000000000000033000000010000000000000001000000000000000000000003000000030000000400000000000000…
R 1844799 tid=renderer-1-ipc-in len=52500000000000000033000000010000000000000001000000000000000000000003000000030000000400000000000000…
W 1844799 tid=main len=245100000000000000320000000a0000001400000000000000
R 1844801 tid=renderer-ipc-in len=245100000000000000320000000a0000001400000000000000
W 1844801 tid=zero-compositor-publish len=36510000000000000033000000010000000000000001000000000000000000000000000000
R 1844799 tid=renderer-1-ipc-in len=36510000000000000033000000010000000000000001000000000000000000000000000000
W 1844799 tid=main len=245200000000000000320000000a0000001300000000000000
R 1844801 tid=renderer-ipc-in len=245200000000000000320000000a0000001300000000000000
W 1844801 tid=zero-compositor-publish len=36520000000000000033000000010000000000000001000000000000000000000000000000
R 1844799 tid=renderer-1-ipc-in len=36520000000000000033000000010000000000000001000000000000000000000000000000
W 1844799 tid=main len=36875300000000000000320000000900000001000000000000003b00000000000000287574696c6974795363726970742c20…
R 1844801 tid=renderer-ipc-in len=36875300000000000000320000000900000001000000000000003b00000000000000287574696c6974795363726970742c20…
W 1844801 tid=zero-compositor-publish len=49530000000000000033000000010000000000000001000000000000000000000003000000060000001500000000000000…
R 1844799 tid=renderer-1-ipc-in len=49530000000000000033000000010000000000000001000000000000000000000003000000060000001500000000000000…
W 1844799 tid=main len=3025400000000000000320000000900000001000000000000003b00000000000000287574696c6974795363726970742c20…
R 1844801 tid=renderer-ipc-in len=3025400000000000000320000000900000001000000000000003b00000000000000287574696c6974795363726970742c20…
W 1844801 tid=zero-compositor-publish len=321540000000000000033000000010000000000000001000000000000000000000003000000050000000200000000000000…
R 1844799 tid=renderer-1-ipc-in len=321540000000000000033000000010000000000000001000000000000000000000003000000050000000200000000000000…
W 1844799 tid=main len=2535500000000000000320000000900000001000000000000003b00000000000000287574696c6974795363726970742c20…
R 1844801 tid=renderer-ipc-in len=2535500000000000000320000000900000001000000000000003b00000000000000287574696c6974795363726970742c20…
W 1844801 tid=zero-compositor-publish len=49550000000000000033000000010000000000000001000000000000000000000003000000060000001600000000000000…
R 1844799 tid=renderer-1-ipc-in len=49550000000000000033000000010000000000000001000000000000000000000003000000060000001600000000000000…
W 1844799 tid=main len=2955600000000000000320000000900000001000000000000003b00000000000000287574696c6974795363726970742c20…
R 1844801 tid=renderer-ipc-in len=2955600000000000000320000000900000001000000000000003b00000000000000287574696c6974795363726970742c20…
W 1844801 tid=zero-compositor-publish len=91560000000000000033000000010000000000000001000000000000000000000003000000030000002b00000000000000…
R 1844799 tid=renderer-1-ipc-in len=91560000000000000033000000010000000000000001000000000000000000000003000000030000002b00000000000000…
W 1844799 tid=main len=245700000000000000320000000a0000001500000000000000
R 1844801 tid=renderer-ipc-in len=245700000000000000320000000a0000001500000000000000
W 1844801 tid=zero-compositor-publish len=36570000000000000033000000010000000000000001000000000000000000000000000000
R 1844799 tid=renderer-1-ipc-in len=36570000000000000033000000010000000000000001000000000000000000000000000000
W 1844799 tid=main len=297580000000000000032000000090000001600000000000000f100000000000000286529203d3e20287b206e6f64654e61…
R 1844801 tid=renderer-ipc-in len=297580000000000000032000000090000001600000000000000f100000000000000286529203d3e20287b206e6f64654e61…
W 1844801 tid=zero-compositor-publish len=251580000000000000033000000010000000000000001000000000000000000000003000000050000000500000000000000…
R 1844799 tid=renderer-1-ipc-in len=251580000000000000033000000010000000000000001000000000000000000000003000000050000000500000000000000…
W 1844799 tid=main len=645900000000000000320000000900000016000000000000000800000000000000286529203d3e20650100000000000000…
R 1844801 tid=renderer-ipc-in len=645900000000000000320000000900000016000000000000000800000000000000286529203d3e20650100000000000000…
W 1844801 tid=zero-compositor-publish len=49590000000000000033000000010000000000000001000000000000000000000003000000060000001700000000000000…
R 1844799 tid=renderer-1-ipc-in len=49590000000000000033000000010000000000000001000000000000000000000003000000060000001700000000000000…
W 1844799 tid=main len=245a00000000000000320000000a0000001600000000000000
R 1844801 tid=renderer-ipc-in len=245a00000000000000320000000a0000001600000000000000
W 1844801 tid=zero-compositor-publish len=365a0000000000000033000000010000000000000001000000000000000000000000000000
R 1844799 tid=renderer-1-ipc-in len=365a0000000000000033000000010000000000000001000000000000000000000000000000
W 1844799 tid=main len=2955b00000000000000320000000900000002000000000000003b00000000000000287574696c6974795363726970742c20…
R 1844801 tid=renderer-ipc-in len=2955b00000000000000320000000900000002000000000000003b00000000000000287574696c6974795363726970742c20…
W 1844801 tid=zero-compositor-publish len=915b0000000000000033000000010000000000000001000000000000000000000003000000030000002b00000000000000…
R 1844799 tid=renderer-1-ipc-in len=915b0000000000000033000000010000000000000001000000000000000000000003000000030000002b00000000000000…
W 1844799 tid=main len=2565c0000000000000032000000090000001700000000000000c800000000000000286529203d3e207b2069662028216520…
R 1844801 tid=renderer-ipc-in len=2565c0000000000000032000000090000001700000000000000c800000000000000286529203d3e207b2069662028216520…
W 1844801 tid=zero-compositor-publish len=965c0000000000000033000000010000000000000001000000000000000000000003000000040000000400000000000000…
R 1844799 tid=renderer-1-ipc-in len=965c0000000000000033000000010000000000000001000000000000000000000003000000040000000400000000000000…
W 1844799 tid=main len=245d00000000000000320000000a0000001700000000000000
R 1844801 tid=renderer-ipc-in len=245d00000000000000320000000a0000001700000000000000
W 1844801 tid=zero-compositor-publish len=365d0000000000000033000000010000000000000001000000000000000000000000000000
R 1844799 tid=renderer-1-ipc-in len=365d0000000000000033000000010000000000000001000000000000000000000000000000
W 1844799 tid=main len=36735e00000000000000320000000900000001000000000000003b00000000000000287574696c6974795363726970742c20…
R 1844801 tid=renderer-ipc-in len=36735e00000000000000320000000900000001000000000000003b00000000000000287574696c6974795363726970742c20…
W 1844801 tid=zero-compositor-publish len=495e0000000000000033000000010000000000000001000000000000000000000003000000060000001800000000000000…
R 1844799 tid=renderer-1-ipc-in len=495e0000000000000033000000010000000000000001000000000000000000000003000000060000001800000000000000…
W 1844799 tid=main len=2925f00000000000000320000000900000001000000000000003b00000000000000287574696c6974795363726970742c20…
R 1844801 tid=renderer-ipc-in len=2925f00000000000000320000000900000001000000000000003b00000000000000287574696c6974795363726970742c20…
W 1844801 tid=zero-compositor-publish len=5905f0000000000000033000000010000000000000001000000000000000000000003000000050000000200000000000000…
R 1844799 tid=renderer-1-ipc-in len=5905f0000000000000033000000010000000000000001000000000000000000000003000000050000000200000000000000…
W 1844799 tid=main len=2536000000000000000320000000900000001000000000000003b00000000000000287574696c6974795363726970742c20…
R 1844801 tid=renderer-ipc-in len=2536000000000000000320000000900000001000000000000003b00000000000000287574696c6974795363726970742c20…
W 1844801 tid=zero-compositor-publish len=49600000000000000033000000010000000000000001000000000000000000000003000000060000001900000000000000…
R 1844799 tid=renderer-1-ipc-in len=49600000000000000033000000010000000000000001000000000000000000000003000000060000001900000000000000…
W 1844799 tid=main len=2956100000000000000320000000900000001000000000000003b00000000000000287574696c6974795363726970742c20…
R 1844801 tid=renderer-ipc-in len=2956100000000000000320000000900000001000000000000003b00000000000000287574696c6974795363726970742c20…
W 1844801 tid=zero-compositor-publish len=94610000000000000033000000010000000000000001000000000000000000000003000000030000002e00000000000000…
R 1844799 tid=renderer-1-ipc-in len=94610000000000000033000000010000000000000001000000000000000000000003000000030000002e00000000000000…
W 1844799 tid=main len=246200000000000000320000000a0000001800000000000000
R 1844801 tid=renderer-ipc-in len=246200000000000000320000000a0000001800000000000000
W 1844801 tid=zero-compositor-publish len=36620000000000000033000000010000000000000001000000000000000000000000000000
R 1844799 tid=renderer-1-ipc-in len=36620000000000000033000000010000000000000001000000000000000000000000000000
W 1844799 tid=main len=6696300000000000000320000000900000001000000000000003b00000000000000287574696c6974795363726970742c20…
R 1844801 tid=renderer-ipc-in len=6696300000000000000320000000900000001000000000000003b00000000000000287574696c6974795363726970742c20…
W 1844801 tid=zero-compositor-publish len=4063000000000000003300000001000000000000000100000000000000000000000300000000000000
R 1844799 tid=renderer-1-ipc-in len=4063000000000000003300000001000000000000000100000000000000000000000300000000000000
W 1844799 tid=main len=3256400000000000000320000000900000019000000000000000d01000000000000286529203d3e207b2069662028216520…
R 1844801 tid=renderer-ipc-in len=3256400000000000000320000000900000019000000000000000d01000000000000286529203d3e207b2069662028216520…
W 1844801 tid=zero-compositor-publish len=416400000000000000330000000100000000000000010000000000000000000000030000000100000001
R 1844799 tid=renderer-1-ipc-in len=416400000000000000330000000100000000000000010000000000000000000000030000000100000001
W 1844799 tid=main len=309650000000000000032000000090000001900000000000000fd00000000000000286529203d3e207b2069662028216520…
R 1844801 tid=renderer-ipc-in len=309650000000000000032000000090000001900000000000000fd00000000000000286529203d3e207b2069662028216520…
W 1844801 tid=zero-compositor-publish len=144650000000000000033000000010000000000000001000000000000000000000003000000040000000800000000000000…
R 1844799 tid=renderer-1-ipc-in len=144650000000000000033000000010000000000000001000000000000000000000003000000040000000800000000000000…
W 1844799 tid=main len=2416600000000000000320000000900000001000000000000003b00000000000000287574696c6974795363726970742c20…
R 1844801 tid=renderer-ipc-in len=2416600000000000000320000000900000001000000000000003b00000000000000287574696c6974795363726970742c20…
W 1844801 tid=zero-compositor-publish len=210660000000000000033000000010000000000000001000000000000000000000003000000050000000200000000000000…
R 1844799 tid=renderer-1-ipc-in len=210660000000000000033000000010000000000000001000000000000000000000003000000050000000200000000000000…
W 1844799 tid=main len=8376700000000000000320000000900000001000000000000003b00000000000000287574696c6974795363726970742c20…
R 1844801 tid=renderer-ipc-in len=8376700000000000000320000000900000001000000000000003b00000000000000287574696c6974795363726970742c20…
W 1844801 tid=zero-compositor-publish len=49670000000000000033000000010000000000000001000000000000000000000003000000060000001a00000000000000…
R 1844799 tid=renderer-1-ipc-in len=49670000000000000033000000010000000000000001000000000000000000000003000000060000001a00000000000000…
W 1844799 tid=main len=250000000000000000290000009a990544713dc8420002000000
W 1844799 tid=main len=250000000000000000290000009a990544713dc8420000000000
R 1844801 tid=renderer-ipc-in len=250000000000000000290000009a990544713dc8420002000000
R 1844801 tid=renderer-ipc-in len=250000000000000000290000009a990544713dc8420000000000
W 1844799 tid=main len=250000000000000000290000009a990544713dc8420001000000
R 1844801 tid=renderer-ipc-in len=250000000000000000290000009a990544713dc8420001000000
W 1844799 tid=main len=250000000000000000290000009a990544713dc8420003000000
R 1844801 tid=renderer-ipc-in len=250000000000000000290000009a990544713dc8420003000000
W 1844801 tid=zero-compositor-publish len=142200000000000000310000000000
R 1844799 tid=renderer-1-ipc-in len=142200000000000000310000000000
W 1844801 tid=zero-compositor-publish len=32230000000000000031000000010a000000000000002362746e2d666574636800
R 1844799 tid=renderer-1-ipc-in len=32230000000000000031000000010a000000000000002362746e2d666574636800
W 1844799 tid=main len=2526800000000000000320000000900000001000000000000003b00000000000000287574696c6974795363726970742c20…
R 1844801 tid=renderer-ipc-in len=2526800000000000000320000000900000001000000000000003b00000000000000287574696c6974795363726970742c20…
W 1844801 tid=renderer-js-1 len=1600000000000000403a00000007000000
R 1844799 tid=renderer-1-ipc-in len=1600000000000000403a00000007000000
W 1844799 tid=main len=2100000000000000403b000000000000000400000000
R 1844801 tid=renderer-ipc-in len=2100000000000000403b000000000000000400000000
W 1844801 tid=zero-compositor-publish len=9524000000000000003e00000003000000000000006c6f671a0000000000000066657463682d6f6b207b226f6b223a7472…
W 1844801 tid=zero-compositor-publish len=812500000000000000400000000001000000000000001f00000000000000687474703a2f2f3132372e302e302e313a3339…
R 1844799 tid=renderer-1-ipc-in len=9524000000000000003e00000003000000000000006c6f671a0000000000000066657463682d6f6b207b226f6b223a7472…
W 1844801 tid=zero-compositor-publish len=782600000000000000400000000101000000000000001f00000000000000687474703a2f2f3132372e302e302e313a3339…
W 1844801 tid=zero-compositor-publish len=782700000000000000400000000201000000000000001f00000000000000687474703a2f2f3132372e302e302e313a3339…
R 1844799 tid=renderer-1-ipc-in len=812500000000000000400000000001000000000000001f00000000000000687474703a2f2f3132372e302e302e313a3339…
R 1844799 tid=renderer-1-ipc-in len=782600000000000000400000000101000000000000001f00000000000000687474703a2f2f3132372e302e302e313a3339…
R 1844799 tid=renderer-1-ipc-in len=782700000000000000400000000201000000000000001f00000000000000687474703a2f2f3132372e302e302e313a3339…
W 1844801 tid=zero-compositor-publish len=52680000000000000033000000010000000000000001000000000000000000000003000000030000000400000000000000…
R 1844799 tid=renderer-1-ipc-in len=52680000000000000033000000010000000000000001000000000000000000000003000000030000000400000000000000…
W 1844799 tid=main len=246900000000000000320000000a0000001a00000000000000
R 1844801 tid=renderer-ipc-in len=246900000000000000320000000a0000001a00000000000000
W 1844801 tid=zero-compositor-publish len=36690000000000000033000000010000000000000001000000000000000000000000000000
R 1844799 tid=renderer-1-ipc-in len=36690000000000000033000000010000000000000001000000000000000000000000000000
W 1844799 tid=main len=246a00000000000000320000000a0000001900000000000000
R 1844801 tid=renderer-ipc-in len=246a00000000000000320000000a0000001900000000000000
W 1844801 tid=zero-compositor-publish len=366a0000000000000033000000010000000000000001000000000000000000000000000000
R 1844799 tid=renderer-1-ipc-in len=366a0000000000000033000000010000000000000001000000000000000000000000000000
W 1844799 tid=main len=36696b00000000000000320000000900000001000000000000003b00000000000000287574696c6974795363726970742c20…
R 1844801 tid=renderer-ipc-in len=36696b00000000000000320000000900000001000000000000003b00000000000000287574696c6974795363726970742c20…
W 1844801 tid=zero-compositor-publish len=496b0000000000000033000000010000000000000001000000000000000000000003000000060000001b00000000000000…
R 1844799 tid=renderer-1-ipc-in len=496b0000000000000033000000010000000000000001000000000000000000000003000000060000001b00000000000000…
W 1844799 tid=main len=2926c00000000000000320000000900000001000000000000003b00000000000000287574696c6974795363726970742c20…
R 1844801 tid=renderer-ipc-in len=2926c00000000000000320000000900000001000000000000003b00000000000000287574696c6974795363726970742c20…
W 1844801 tid=zero-compositor-publish len=5866c0000000000000033000000010000000000000001000000000000000000000003000000050000000200000000000000…
R 1844799 tid=renderer-1-ipc-in len=5866c0000000000000033000000010000000000000001000000000000000000000003000000050000000200000000000000…
W 1844799 tid=main len=2536d00000000000000320000000900000001000000000000003b00000000000000287574696c6974795363726970742c20…
R 1844801 tid=renderer-ipc-in len=2536d00000000000000320000000900000001000000000000003b00000000000000287574696c6974795363726970742c20…
W 1844801 tid=zero-compositor-publish len=496d0000000000000033000000010000000000000001000000000000000000000003000000060000001c00000000000000…
R 1844799 tid=renderer-1-ipc-in len=496d0000000000000033000000010000000000000001000000000000000000000003000000060000001c00000000000000…
W 1844799 tid=main len=2956e00000000000000320000000900000001000000000000003b00000000000000287574696c6974795363726970742c20…
R 1844801 tid=renderer-ipc-in len=2956e00000000000000320000000900000001000000000000003b00000000000000287574696c6974795363726970742c20…
W 1844801 tid=zero-compositor-publish len=906e0000000000000033000000010000000000000001000000000000000000000003000000030000002a00000000000000…
R 1844799 tid=renderer-1-ipc-in len=906e0000000000000033000000010000000000000001000000000000000000000003000000030000002a00000000000000…
W 1844799 tid=main len=246f00000000000000320000000a0000001b00000000000000
R 1844801 tid=renderer-ipc-in len=246f00000000000000320000000a0000001b00000000000000
W 1844801 tid=zero-compositor-publish len=366f0000000000000033000000010000000000000001000000000000000000000000000000
R 1844799 tid=renderer-1-ipc-in len=366f0000000000000033000000010000000000000001000000000000000000000000000000
W 1844799 tid=main len=6697000000000000000320000000900000001000000000000003b00000000000000287574696c6974795363726970742c20…
R 1844801 tid=renderer-ipc-in len=6697000000000000000320000000900000001000000000000003b00000000000000287574696c6974795363726970742c20…
W 1844801 tid=zero-compositor-publish len=4070000000000000003300000001000000000000000100000000000000000000000300000000000000
R 1844799 tid=renderer-1-ipc-in len=4070000000000000003300000001000000000000000100000000000000000000000300000000000000
W 1844799 tid=main len=325710000000000000032000000090000001c000000000000000d01000000000000286529203d3e207b2069662028216520…
R 1844801 tid=renderer-ipc-in len=325710000000000000032000000090000001c000000000000000d01000000000000286529203d3e207b2069662028216520…
W 1844801 tid=zero-compositor-publish len=417100000000000000330000000100000000000000010000000000000000000000030000000100000001
R 1844799 tid=renderer-1-ipc-in len=417100000000000000330000000100000000000000010000000000000000000000030000000100000001
W 1844799 tid=main len=309720000000000000032000000090000001c00000000000000fd00000000000000286529203d3e207b2069662028216520…
R 1844801 tid=renderer-ipc-in len=309720000000000000032000000090000001c00000000000000fd00000000000000286529203d3e207b2069662028216520…
W 1844801 tid=zero-compositor-publish len=144720000000000000033000000010000000000000001000000000000000000000003000000040000000800000000000000…
R 1844799 tid=renderer-1-ipc-in len=144720000000000000033000000010000000000000001000000000000000000000003000000040000000800000000000000…
W 1844799 tid=main len=2417300000000000000320000000900000001000000000000003b00000000000000287574696c6974795363726970742c20…
R 1844801 tid=renderer-ipc-in len=2417300000000000000320000000900000001000000000000003b00000000000000287574696c6974795363726970742c20…
W 1844801 tid=zero-compositor-publish len=210730000000000000033000000010000000000000001000000000000000000000003000000050000000200000000000000…
R 1844799 tid=renderer-1-ipc-in len=210730000000000000033000000010000000000000001000000000000000000000003000000050000000200000000000000…
W 1844799 tid=main len=8377400000000000000320000000900000001000000000000003b00000000000000287574696c6974795363726970742c20…
R 1844801 tid=renderer-ipc-in len=8377400000000000000320000000900000001000000000000003b00000000000000287574696c6974795363726970742c20…
W 1844801 tid=zero-compositor-publish len=49740000000000000033000000010000000000000001000000000000000000000003000000060000001d00000000000000…
R 1844799 tid=renderer-1-ipc-in len=49740000000000000033000000010000000000000001000000000000000000000003000000060000001d00000000000000…
W 1844799 tid=main len=25000000000000000029000000c3651344713dc8420002000000
R 1844801 tid=renderer-ipc-in len=25000000000000000029000000c3651344713dc8420002000000
W 1844799 tid=main len=25000000000000000029000000c3651344713dc8420000000000
R 1844801 tid=renderer-ipc-in len=25000000000000000029000000c3651344713dc8420000000000
W 1844799 tid=main len=25000000000000000029000000c3651344713dc8420001000000
R 1844801 tid=renderer-ipc-in len=25000000000000000029000000c3651344713dc8420001000000
W 1844799 tid=main len=25000000000000000029000000c3651344713dc8420003000000
R 1844801 tid=renderer-ipc-in len=25000000000000000029000000c3651344713dc8420003000000
W 1844801 tid=zero-compositor-publish len=142800000000000000310000000000
R 1844799 tid=renderer-1-ipc-in len=142800000000000000310000000000
W 1844801 tid=zero-compositor-publish len=302900000000000000310000000108000000000000002362746e2d78687200
R 1844799 tid=renderer-1-ipc-in len=302900000000000000310000000108000000000000002362746e2d78687200
W 1844799 tid=main len=2527500000000000000320000000900000001000000000000003b00000000000000287574696c6974795363726970742c20…
R 1844801 tid=renderer-ipc-in len=2527500000000000000320000000900000001000000000000003b00000000000000287574696c6974795363726970742c20…
W 1844801 tid=zero-compositor-publish len=972a000000000000003e00000003000000000000006c6f6718000000000000007868722d6f6b207b226f6b223a74727565…
W 1844801 tid=zero-compositor-publish len=812b00000000000000400000000002000000000000001f00000000000000687474703a2f2f3132372e302e302e313a3339…
R 1844799 tid=renderer-1-ipc-in len=972a000000000000003e00000003000000000000006c6f6718000000000000007868722d6f6b207b226f6b223a74727565…
W 1844801 tid=zero-compositor-publish len=782c00000000000000400000000102000000000000001f00000000000000687474703a2f2f3132372e302e302e313a3339…
W 1844801 tid=zero-compositor-publish len=782d00000000000000400000000202000000000000001f00000000000000687474703a2f2f3132372e302e302e313a3339…
R 1844799 tid=renderer-1-ipc-in len=812b00000000000000400000000002000000000000001f00000000000000687474703a2f2f3132372e302e302e313a3339…
R 1844799 tid=renderer-1-ipc-in len=782c00000000000000400000000102000000000000001f00000000000000687474703a2f2f3132372e302e302e313a3339…
R 1844799 tid=renderer-1-ipc-in len=782d00000000000000400000000202000000000000001f00000000000000687474703a2f2f3132372e302e302e313a3339…
W 1844801 tid=zero-compositor-publish len=52750000000000000033000000010000000000000001000000000000000000000003000000030000000400000000000000…
R 1844799 tid=renderer-1-ipc-in len=52750000000000000033000000010000000000000001000000000000000000000003000000030000000400000000000000…
W 1844799 tid=main len=247600000000000000320000000a0000001d00000000000000
R 1844801 tid=renderer-ipc-in len=247600000000000000320000000a0000001d00000000000000
W 1844801 tid=zero-compositor-publish len=36760000000000000033000000010000000000000001000000000000000000000000000000
R 1844799 tid=renderer-1-ipc-in len=36760000000000000033000000010000000000000001000000000000000000000000000000
W 1844799 tid=main len=247700000000000000320000000a0000001c00000000000000
R 1844801 tid=renderer-ipc-in len=247700000000000000320000000a0000001c00000000000000
W 1844801 tid=zero-compositor-publish len=36770000000000000033000000010000000000000001000000000000000000000000000000
R 1844799 tid=renderer-1-ipc-in len=36770000000000000033000000010000000000000001000000000000000000000000000000
W 1844799 tid=main len=36697800000000000000320000000900000001000000000000003b00000000000000287574696c6974795363726970742c20…
R 1844801 tid=renderer-ipc-in len=36697800000000000000320000000900000001000000000000003b00000000000000287574696c6974795363726970742c20…
W 1844801 tid=zero-compositor-publish len=49780000000000000033000000010000000000000001000000000000000000000003000000060000001e00000000000000…
R 1844799 tid=renderer-1-ipc-in len=49780000000000000033000000010000000000000001000000000000000000000003000000060000001e00000000000000…
W 1844799 tid=main len=2927900000000000000320000000900000001000000000000003b00000000000000287574696c6974795363726970742c20…
R 1844801 tid=renderer-ipc-in len=2927900000000000000320000000900000001000000000000003b00000000000000287574696c6974795363726970742c20…
W 1844801 tid=zero-compositor-publish len=592790000000000000033000000010000000000000001000000000000000000000003000000050000000200000000000000…
R 1844799 tid=renderer-1-ipc-in len=592790000000000000033000000010000000000000001000000000000000000000003000000050000000200000000000000…
W 1844799 tid=main len=2537a00000000000000320000000900000001000000000000003b00000000000000287574696c6974795363726970742c20…
R 1844801 tid=renderer-ipc-in len=2537a00000000000000320000000900000001000000000000003b00000000000000287574696c6974795363726970742c20…
W 1844801 tid=zero-compositor-publish len=497a0000000000000033000000010000000000000001000000000000000000000003000000060000001f00000000000000…
R 1844799 tid=renderer-1-ipc-in len=497a0000000000000033000000010000000000000001000000000000000000000003000000060000001f00000000000000…
W 1844799 tid=main len=2957b00000000000000320000000900000001000000000000003b00000000000000287574696c6974795363726970742c20…
R 1844801 tid=renderer-ipc-in len=2957b00000000000000320000000900000001000000000000003b00000000000000287574696c6974795363726970742c20…
W 1844801 tid=zero-compositor-publish len=967b0000000000000033000000010000000000000001000000000000000000000003000000030000003000000000000000…
R 1844799 tid=renderer-1-ipc-in len=967b0000000000000033000000010000000000000001000000000000000000000003000000030000003000000000000000…
W 1844799 tid=main len=247c00000000000000320000000a0000001e00000000000000
R 1844801 tid=renderer-ipc-in len=247c00000000000000320000000a0000001e00000000000000
W 1844801 tid=zero-compositor-publish len=367c0000000000000033000000010000000000000001000000000000000000000000000000
R 1844799 tid=renderer-1-ipc-in len=367c0000000000000033000000010000000000000001000000000000000000000000000000
W 1844799 tid=main len=6697d00000000000000320000000900000001000000000000003b00000000000000287574696c6974795363726970742c20…
R 1844801 tid=renderer-ipc-in len=6697d00000000000000320000000900000001000000000000003b00000000000000287574696c6974795363726970742c20…
W 1844801 tid=zero-compositor-publish len=407d000000000000003300000001000000000000000100000000000000000000000300000000000000
R 1844799 tid=renderer-1-ipc-in len=407d000000000000003300000001000000000000000100000000000000000000000300000000000000
W 1844799 tid=main len=3257e0000000000000032000000090000001f000000000000000d01000000000000286529203d3e207b2069662028216520…
R 1844801 tid=renderer-ipc-in len=3257e0000000000000032000000090000001f000000000000000d01000000000000286529203d3e207b2069662028216520…
W 1844801 tid=zero-compositor-publish len=417e00000000000000330000000100000000000000010000000000000000000000030000000100000001
R 1844799 tid=renderer-1-ipc-in len=417e00000000000000330000000100000000000000010000000000000000000000030000000100000001
W 1844799 tid=main len=3097f0000000000000032000000090000001f00000000000000fd00000000000000286529203d3e207b2069662028216520…
R 1844801 tid=renderer-ipc-in len=3097f0000000000000032000000090000001f00000000000000fd00000000000000286529203d3e207b2069662028216520…
W 1844801 tid=zero-compositor-publish len=1447f0000000000000033000000010000000000000001000000000000000000000003000000040000000800000000000000…
R 1844799 tid=renderer-1-ipc-in len=1447f0000000000000033000000010000000000000001000000000000000000000003000000040000000800000000000000…
W 1844799 tid=main len=2418000000000000000320000000900000001000000000000003b00000000000000287574696c6974795363726970742c20…
R 1844801 tid=renderer-ipc-in len=2418000000000000000320000000900000001000000000000003b00000000000000287574696c6974795363726970742c20…
W 1844801 tid=zero-compositor-publish len=210800000000000000033000000010000000000000001000000000000000000000003000000050000000200000000000000…
R 1844799 tid=renderer-1-ipc-in len=210800000000000000033000000010000000000000001000000000000000000000003000000050000000200000000000000…
W 1844799 tid=main len=8378100000000000000320000000900000001000000000000003b00000000000000287574696c6974795363726970742c20…
R 1844801 tid=renderer-ipc-in len=8378100000000000000320000000900000001000000000000003b00000000000000287574696c6974795363726970742c20…
W 1844801 tid=zero-compositor-publish len=49810000000000000033000000010000000000000001000000000000000000000003000000060000002000000000000000…
R 1844799 tid=renderer-1-ipc-in len=49810000000000000033000000010000000000000001000000000000000000000003000000060000002000000000000000…
W 1844799 tid=main len=25000000000000000029000000cd4c2544713dc8420002000000
R 1844801 tid=renderer-ipc-in len=25000000000000000029000000cd4c2544713dc8420002000000
W 1844799 tid=main len=25000000000000000029000000cd4c2544713dc8420000000000
R 1844801 tid=renderer-ipc-in len=25000000000000000029000000cd4c2544713dc8420000000000
W 1844799 tid=main len=25000000000000000029000000cd4c2544713dc8420001000000
W 1844799 tid=main len=25000000000000000029000000cd4c2544713dc8420003000000
R 1844801 tid=renderer-ipc-in len=25000000000000000029000000cd4c2544713dc8420001000000
R 1844801 tid=renderer-ipc-in len=25000000000000000029000000cd4c2544713dc8420003000000
W 1844801 tid=zero-compositor-publish len=142e00000000000000310000000000
R 1844799 tid=renderer-1-ipc-in len=142e00000000000000310000000000
W 1844801 tid=zero-compositor-publish len=302f00000000000000310000000108000000000000002362746e2d34303400
R 1844799 tid=renderer-1-ipc-in len=302f00000000000000310000000108000000000000002362746e2d34303400
W 1844799 tid=main len=2528200000000000000320000000900000001000000000000003b00000000000000287574696c6974795363726970742c20…
R 1844801 tid=renderer-ipc-in len=2528200000000000000320000000900000001000000000000003b00000000000000287574696c6974795363726970742c20…
W 1844801 tid=zero-compositor-publish len=853000000000000000400000000003000000000000002300000000000000687474703a2f2f3132372e302e302e313a3339…
W 1844801 tid=zero-compositor-publish len=823100000000000000400000000103000000000000002300000000000000687474703a2f2f3132372e302e302e313a3339…
W 1844801 tid=zero-compositor-publish len=823200000000000000400000000203000000000000002300000000000000687474703a2f2f3132372e302e302e313a3339…
R 1844799 tid=renderer-1-ipc-in len=853000000000000000400000000003000000000000002300000000000000687474703a2f2f3132372e302e302e313a3339…
R 1844799 tid=renderer-1-ipc-in len=823100000000000000400000000103000000000000002300000000000000687474703a2f2f3132372e302e302e313a3339…
R 1844799 tid=renderer-1-ipc-in len=823200000000000000400000000203000000000000002300000000000000687474703a2f2f3132372e302e302e313a3339…
W 1844801 tid=zero-compositor-publish len=52820000000000000033000000010000000000000001000000000000000000000003000000030000000400000000000000…
R 1844799 tid=renderer-1-ipc-in len=52820000000000000033000000010000000000000001000000000000000000000003000000030000000400000000000000…
W 1844799 tid=main len=248300000000000000320000000a0000002000000000000000
R 1844801 tid=renderer-ipc-in len=248300000000000000320000000a0000002000000000000000
W 1844801 tid=zero-compositor-publish len=36830000000000000033000000010000000000000001000000000000000000000000000000
R 1844799 tid=renderer-1-ipc-in len=36830000000000000033000000010000000000000001000000000000000000000000000000
W 1844799 tid=main len=248400000000000000320000000a0000001f00000000000000
R 1844801 tid=renderer-ipc-in len=248400000000000000320000000a0000001f00000000000000
W 1844801 tid=zero-compositor-publish len=36840000000000000033000000010000000000000001000000000000000000000000000000
R 1844799 tid=renderer-1-ipc-in len=36840000000000000033000000010000000000000001000000000000000000000000000000
W 1844799 tid=main len=36798500000000000000320000000900000001000000000000003b00000000000000287574696c6974795363726970742c20…
R 1844801 tid=renderer-ipc-in len=36798500000000000000320000000900000001000000000000003b00000000000000287574696c6974795363726970742c20…
W 1844801 tid=zero-compositor-publish len=49850000000000000033000000010000000000000001000000000000000000000003000000060000002100000000000000…
R 1844799 tid=renderer-1-ipc-in len=49850000000000000033000000010000000000000001000000000000000000000003000000060000002100000000000000…
W 1844799 tid=main len=2928600000000000000320000000900000001000000000000003b00000000000000287574696c6974795363726970742c20…
R 1844801 tid=renderer-ipc-in len=2928600000000000000320000000900000001000000000000003b00000000000000287574696c6974795363726970742c20…
W 1844801 tid=zero-compositor-publish len=596860000000000000033000000010000000000000001000000000000000000000003000000050000000200000000000000…
R 1844799 tid=renderer-1-ipc-in len=596860000000000000033000000010000000000000001000000000000000000000003000000050000000200000000000000…
W 1844799 tid=main len=2538700000000000000320000000900000001000000000000003b00000000000000287574696c6974795363726970742c20…
R 1844801 tid=renderer-ipc-in len=2538700000000000000320000000900000001000000000000003b00000000000000287574696c6974795363726970742c20…
W 1844801 tid=zero-compositor-publish len=49870000000000000033000000010000000000000001000000000000000000000003000000060000002200000000000000…
R 1844799 tid=renderer-1-ipc-in len=49870000000000000033000000010000000000000001000000000000000000000003000000060000002200000000000000…
W 1844799 tid=main len=2958800000000000000320000000900000001000000000000003b00000000000000287574696c6974795363726970742c20…
R 1844801 tid=renderer-ipc-in len=2958800000000000000320000000900000001000000000000003b00000000000000287574696c6974795363726970742c20…
W 1844801 tid=zero-compositor-publish len=100880000000000000033000000010000000000000001000000000000000000000003000000030000003400000000000000…
R 1844799 tid=renderer-1-ipc-in len=100880000000000000033000000010000000000000001000000000000000000000003000000030000003400000000000000…
W 1844799 tid=main len=248900000000000000320000000a0000002100000000000000
R 1844801 tid=renderer-ipc-in len=248900000000000000320000000a0000002100000000000000
W 1844801 tid=zero-compositor-publish len=36890000000000000033000000010000000000000001000000000000000000000000000000
R 1844799 tid=renderer-1-ipc-in len=36890000000000000033000000010000000000000001000000000000000000000000000000
W 1844799 tid=main len=6698a00000000000000320000000900000001000000000000003b00000000000000287574696c6974795363726970742c20…
R 1844801 tid=renderer-ipc-in len=6698a00000000000000320000000900000001000000000000003b00000000000000287574696c6974795363726970742c20…
W 1844801 tid=zero-compositor-publish len=408a000000000000003300000001000000000000000100000000000000000000000300000000000000
R 1844799 tid=renderer-1-ipc-in len=408a000000000000003300000001000000000000000100000000000000000000000300000000000000
W 1844799 tid=main len=3258b00000000000000320000000900000022000000000000000d01000000000000286529203d3e207b2069662028216520…
R 1844801 tid=renderer-ipc-in len=3258b00000000000000320000000900000022000000000000000d01000000000000286529203d3e207b2069662028216520…
W 1844801 tid=zero-compositor-publish len=418b00000000000000330000000100000000000000010000000000000000000000030000000100000001
R 1844799 tid=renderer-1-ipc-in len=418b00000000000000330000000100000000000000010000000000000000000000030000000100000001
W 1844799 tid=main len=3098c0000000000000032000000090000002200000000000000fd00000000000000286529203d3e207b2069662028216520…
R 1844801 tid=renderer-ipc-in len=3098c0000000000000032000000090000002200000000000000fd00000000000000286529203d3e207b2069662028216520…
W 1844801 tid=zero-compositor-publish len=1448c0000000000000033000000010000000000000001000000000000000000000003000000040000000800000000000000…
R 1844799 tid=renderer-1-ipc-in len=1448c0000000000000033000000010000000000000001000000000000000000000003000000040000000800000000000000…
W 1844799 tid=main len=2418d00000000000000320000000900000001000000000000003b00000000000000287574696c6974795363726970742c20…
R 1844801 tid=renderer-ipc-in len=2418d00000000000000320000000900000001000000000000003b00000000000000287574696c6974795363726970742c20…
W 1844801 tid=zero-compositor-publish len=2108d0000000000000033000000010000000000000001000000000000000000000003000000050000000200000000000000…
R 1844799 tid=renderer-1-ipc-in len=2108d0000000000000033000000010000000000000001000000000000000000000003000000050000000200000000000000…
W 1844799 tid=main len=8378e00000000000000320000000900000001000000000000003b00000000000000287574696c6974795363726970742c20…
R 1844801 tid=renderer-ipc-in len=8378e00000000000000320000000900000001000000000000003b00000000000000287574696c6974795363726970742c20…
W 1844801 tid=zero-compositor-publish len=498e0000000000000033000000010000000000000001000000000000000000000003000000060000002300000000000000…
R 1844799 tid=renderer-1-ipc-in len=498e0000000000000033000000010000000000000001000000000000000000000003000000060000002300000000000000…
W 1844799 tid=main len=25000000000000000029000000cdcc4c420080f9420002000000
R 1844801 tid=renderer-ipc-in len=25000000000000000029000000cdcc4c420080f9420002000000
W 1844799 tid=main len=25000000000000000029000000cdcc4c420080f9420000000000
R 1844801 tid=renderer-ipc-in len=25000000000000000029000000cdcc4c420080f9420000000000
W 1844799 tid=main len=25000000000000000029000000cdcc4c420080f9420001000000
W 1844799 tid=main len=25000000000000000029000000cdcc4c420080f9420003000000
R 1844801 tid=renderer-ipc-in len=25000000000000000029000000cdcc4c420080f9420001000000
R 1844801 tid=renderer-ipc-in len=25000000000000000029000000cdcc4c420080f9420003000000
W 1844801 tid=zero-compositor-publish len=143300000000000000310000000000
R 1844799 tid=renderer-1-ipc-in len=143300000000000000310000000000
W 1844801 tid=zero-compositor-publish len=35340000000000000031000000010d000000000000002362746e2d726564697265637400
R 1844799 tid=renderer-1-ipc-in len=35340000000000000031000000010d000000000000002362746e2d726564697265637400
W 1844799 tid=main len=2528f00000000000000320000000900000001000000000000003b00000000000000287574696c6974795363726970742c20…
R 1844801 tid=renderer-ipc-in len=2528f00000000000000320000000900000001000000000000003b00000000000000287574696c6974795363726970742c20…
W 1844801 tid=zero-compositor-publish len=10135000000000000003e00000003000000000000006c6f671d0000000000000072656469726563742d6f6b207b226f6b22…
W 1844801 tid=zero-compositor-publish len=813600000000000000400000000004000000000000001f00000000000000687474703a2f2f3132372e302e302e313a3339…
R 1844799 tid=renderer-1-ipc-in len=10135000000000000003e00000003000000000000006c6f671d0000000000000072656469726563742d6f6b207b226f6b22…
W 1844801 tid=zero-compositor-publish len=783700000000000000400000000104000000000000001f00000000000000687474703a2f2f3132372e302e302e313a3339…
W 1844801 tid=zero-compositor-publish len=783800000000000000400000000204000000000000001f00000000000000687474703a2f2f3132372e302e302e313a3339…
R 1844799 tid=renderer-1-ipc-in len=813600000000000000400000000004000000000000001f00000000000000687474703a2f2f3132372e302e302e313a3339…
R 1844799 tid=renderer-1-ipc-in len=783700000000000000400000000104000000000000001f00000000000000687474703a2f2f3132372e302e302e313a3339…
R 1844799 tid=renderer-1-ipc-in len=783800000000000000400000000204000000000000001f00000000000000687474703a2f2f3132372e302e302e313a3339…
W 1844801 tid=zero-compositor-publish len=528f0000000000000033000000010000000000000001000000000000000000000003000000030000000400000000000000…
R 1844799 tid=renderer-1-ipc-in len=528f0000000000000033000000010000000000000001000000000000000000000003000000030000000400000000000000…
W 1844799 tid=main len=249000000000000000320000000a0000002300000000000000
R 1844801 tid=renderer-ipc-in len=249000000000000000320000000a0000002300000000000000
W 1844801 tid=zero-compositor-publish len=36900000000000000033000000010000000000000001000000000000000000000000000000
R 1844799 tid=renderer-1-ipc-in len=36900000000000000033000000010000000000000001000000000000000000000000000000
W 1844799 tid=main len=249100000000000000320000000a0000002200000000000000
R 1844801 tid=renderer-ipc-in len=249100000000000000320000000a0000002200000000000000
W 1844801 tid=zero-compositor-publish len=36910000000000000033000000010000000000000001000000000000000000000000000000
R 1844799 tid=renderer-1-ipc-in len=36910000000000000033000000010000000000000001000000000000000000000000000000
W 1844799 tid=main len=36739200000000000000320000000900000001000000000000003b00000000000000287574696c6974795363726970742c20…
R 1844801 tid=renderer-ipc-in len=36739200000000000000320000000900000001000000000000003b00000000000000287574696c6974795363726970742c20…
W 1844801 tid=zero-compositor-publish len=49920000000000000033000000010000000000000001000000000000000000000003000000060000002400000000000000…
R 1844799 tid=renderer-1-ipc-in len=49920000000000000033000000010000000000000001000000000000000000000003000000060000002400000000000000…
W 1844799 tid=main len=2929300000000000000320000000900000001000000000000003b00000000000000287574696c6974795363726970742c20…
R 1844801 tid=renderer-ipc-in len=2929300000000000000320000000900000001000000000000003b00000000000000287574696c6974795363726970742c20…
W 1844801 tid=zero-compositor-publish len=590930000000000000033000000010000000000000001000000000000000000000003000000050000000200000000000000…
R 1844799 tid=renderer-1-ipc-in len=590930000000000000033000000010000000000000001000000000000000000000003000000050000000200000000000000…
W 1844799 tid=main len=2539400000000000000320000000900000001000000000000003b00000000000000287574696c6974795363726970742c20…
R 1844801 tid=renderer-ipc-in len=2539400000000000000320000000900000001000000000000003b00000000000000287574696c6974795363726970742c20…
W 1844801 tid=zero-compositor-publish len=49940000000000000033000000010000000000000001000000000000000000000003000000060000002500000000000000…
R 1844799 tid=renderer-1-ipc-in len=49940000000000000033000000010000000000000001000000000000000000000003000000060000002500000000000000…
W 1844799 tid=main len=2959500000000000000320000000900000001000000000000003b00000000000000287574696c6974795363726970742c20…
R 1844801 tid=renderer-ipc-in len=2959500000000000000320000000900000001000000000000003b00000000000000287574696c6974795363726970742c20…
W 1844801 tid=zero-compositor-publish len=94950000000000000033000000010000000000000001000000000000000000000003000000030000002e00000000000000…
R 1844799 tid=renderer-1-ipc-in len=94950000000000000033000000010000000000000001000000000000000000000003000000030000002e00000000000000…
W 1844799 tid=main len=249600000000000000320000000a0000002400000000000000
R 1844801 tid=renderer-ipc-in len=249600000000000000320000000a0000002400000000000000
W 1844801 tid=zero-compositor-publish len=36960000000000000033000000010000000000000001000000000000000000000000000000
R 1844799 tid=renderer-1-ipc-in len=36960000000000000033000000010000000000000001000000000000000000000000000000
W 1844799 tid=main len=6699700000000000000320000000900000001000000000000003b00000000000000287574696c6974795363726970742c20…
R 1844801 tid=renderer-ipc-in len=6699700000000000000320000000900000001000000000000003b00000000000000287574696c6974795363726970742c20…
W 1844801 tid=zero-compositor-publish len=4097000000000000003300000001000000000000000100000000000000000000000300000000000000
R 1844799 tid=renderer-1-ipc-in len=4097000000000000003300000001000000000000000100000000000000000000000300000000000000
W 1844799 tid=main len=3259800000000000000320000000900000025000000000000000d01000000000000286529203d3e207b2069662028216520…
R 1844801 tid=renderer-ipc-in len=3259800000000000000320000000900000025000000000000000d01000000000000286529203d3e207b2069662028216520…
W 1844801 tid=zero-compositor-publish len=419800000000000000330000000100000000000000010000000000000000000000030000000100000001
R 1844799 tid=renderer-1-ipc-in len=419800000000000000330000000100000000000000010000000000000000000000030000000100000001
W 1844799 tid=main len=309990000000000000032000000090000002500000000000000fd00000000000000286529203d3e207b2069662028216520…
R 1844801 tid=renderer-ipc-in len=309990000000000000032000000090000002500000000000000fd00000000000000286529203d3e207b2069662028216520…
W 1844801 tid=zero-compositor-publish len=144990000000000000033000000010000000000000001000000000000000000000003000000040000000800000000000000…
R 1844799 tid=renderer-1-ipc-in len=144990000000000000033000000010000000000000001000000000000000000000003000000040000000800000000000000…
W 1844799 tid=main len=2419a00000000000000320000000900000001000000000000003b00000000000000287574696c6974795363726970742c20…
R 1844801 tid=renderer-ipc-in len=2419a00000000000000320000000900000001000000000000003b00000000000000287574696c6974795363726970742c20…
W 1844801 tid=zero-compositor-publish len=2109a0000000000000033000000010000000000000001000000000000000000000003000000050000000200000000000000…
R 1844799 tid=renderer-1-ipc-in len=2109a0000000000000033000000010000000000000001000000000000000000000003000000050000000200000000000000…
W 1844799 tid=main len=8379b00000000000000320000000900000001000000000000003b00000000000000287574696c6974795363726970742c20…
R 1844801 tid=renderer-ipc-in len=8379b00000000000000320000000900000001000000000000003b00000000000000287574696c6974795363726970742c20…
W 1844801 tid=zero-compositor-publish len=499b0000000000000033000000010000000000000001000000000000000000000003000000060000002600000000000000…
R 1844799 tid=renderer-1-ipc-in len=499b0000000000000033000000010000000000000001000000000000000000000003000000060000002600000000000000…
W 1844799 tid=main len=2500000000000000002900000000009e43713dc8420002000000
R 1844801 tid=renderer-ipc-in len=2500000000000000002900000000009e43713dc8420002000000
W 1844799 tid=main len=2500000000000000002900000000009e43713dc8420000000000
R 1844801 tid=renderer-ipc-in len=2500000000000000002900000000009e43713dc8420000000000
W 1844799 tid=main len=2500000000000000002900000000009e43713dc8420001000000
W 1844799 tid=main len=2500000000000000002900000000009e43713dc8420003000000
R 1844801 tid=renderer-ipc-in len=2500000000000000002900000000009e43713dc8420001000000
R 1844801 tid=renderer-ipc-in len=2500000000000000002900000000009e43713dc8420003000000
W 1844801 tid=zero-compositor-publish len=143900000000000000310000000000
R 1844799 tid=renderer-1-ipc-in len=143900000000000000310000000000
W 1844801 tid=zero-compositor-publish len=323a0000000000000031000000010a000000000000002362746e2d616c65727400
R 1844799 tid=renderer-1-ipc-in len=323a0000000000000031000000010a000000000000002362746e2d616c65727400
W 1844799 tid=main len=2529c00000000000000320000000900000001000000000000003b00000000000000287574696c6974795363726970742c20…
R 1844801 tid=renderer-ipc-in len=2529c00000000000000320000000900000001000000000000003b00000000000000287574696c6974795363726970742c20…
W 1844801 tid=zero-compositor-publish len=529c0000000000000033000000010000000000000001000000000000000000000003000000030000000400000000000000…
R 1844799 tid=renderer-1-ipc-in len=529c0000000000000033000000010000000000000001000000000000000000000003000000030000000400000000000000…
W 1844799 tid=main len=249d00000000000000320000000a0000002600000000000000
R 1844801 tid=renderer-ipc-in len=249d00000000000000320000000a0000002600000000000000
W 1844801 tid=zero-compositor-publish len=369d0000000000000033000000010000000000000001000000000000000000000000000000
R 1844799 tid=renderer-1-ipc-in len=369d0000000000000033000000010000000000000001000000000000000000000000000000
W 1844799 tid=main len=249e00000000000000320000000a0000002500000000000000
R 1844801 tid=renderer-ipc-in len=249e00000000000000320000000a0000002500000000000000
W 1844801 tid=zero-compositor-publish len=369e0000000000000033000000010000000000000001000000000000000000000000000000
R 1844799 tid=renderer-1-ipc-in len=369e0000000000000033000000010000000000000001000000000000000000000000000000
W 1844799 tid=main len=36779f00000000000000320000000900000001000000000000003b00000000000000287574696c6974795363726970742c20…
R 1844801 tid=renderer-ipc-in len=36779f00000000000000320000000900000001000000000000003b00000000000000287574696c6974795363726970742c20…
W 1844801 tid=zero-compositor-publish len=499f0000000000000033000000010000000000000001000000000000000000000003000000060000002700000000000000…
R 1844799 tid=renderer-1-ipc-in len=499f0000000000000033000000010000000000000001000000000000000000000003000000060000002700000000000000…
W 1844799 tid=main len=292a000000000000000320000000900000001000000000000003b00000000000000287574696c6974795363726970742c20…
R 1844801 tid=renderer-ipc-in len=292a000000000000000320000000900000001000000000000003b00000000000000287574696c6974795363726970742c20…
W 1844801 tid=zero-compositor-publish len=594a00000000000000033000000010000000000000001000000000000000000000003000000050000000200000000000000…
R 1844799 tid=renderer-1-ipc-in len=594a00000000000000033000000010000000000000001000000000000000000000003000000050000000200000000000000…
W 1844799 tid=main len=253a100000000000000320000000900000001000000000000003b00000000000000287574696c6974795363726970742c20…
R 1844801 tid=renderer-ipc-in len=253a100000000000000320000000900000001000000000000003b00000000000000287574696c6974795363726970742c20…
W 1844801 tid=zero-compositor-publish len=49a10000000000000033000000010000000000000001000000000000000000000003000000060000002800000000000000…
R 1844799 tid=renderer-1-ipc-in len=49a10000000000000033000000010000000000000001000000000000000000000003000000060000002800000000000000…
W 1844799 tid=main len=295a200000000000000320000000900000001000000000000003b00000000000000287574696c6974795363726970742c20…
R 1844801 tid=renderer-ipc-in len=295a200000000000000320000000900000001000000000000003b00000000000000287574696c6974795363726970742c20…
W 1844801 tid=zero-compositor-publish len=98a20000000000000033000000010000000000000001000000000000000000000003000000030000003200000000000000…
R 1844799 tid=renderer-1-ipc-in len=98a20000000000000033000000010000000000000001000000000000000000000003000000030000003200000000000000…
W 1844799 tid=main len=24a300000000000000320000000a0000002700000000000000
R 1844801 tid=renderer-ipc-in len=24a300000000000000320000000a0000002700000000000000
W 1844801 tid=zero-compositor-publish len=36a30000000000000033000000010000000000000001000000000000000000000000000000
R 1844799 tid=renderer-1-ipc-in len=36a30000000000000033000000010000000000000001000000000000000000000000000000
W 1844799 tid=main len=669a400000000000000320000000900000001000000000000003b00000000000000287574696c6974795363726970742c20…
R 1844801 tid=renderer-ipc-in len=669a400000000000000320000000900000001000000000000003b00000000000000287574696c6974795363726970742c20…
W 1844801 tid=zero-compositor-publish len=40a4000000000000003300000001000000000000000100000000000000000000000300000000000000
R 1844799 tid=renderer-1-ipc-in len=40a4000000000000003300000001000000000000000100000000000000000000000300000000000000
W 1844799 tid=main len=325a500000000000000320000000900000028000000000000000d01000000000000286529203d3e207b2069662028216520…
R 1844801 tid=renderer-ipc-in len=325a500000000000000320000000900000028000000000000000d01000000000000286529203d3e207b2069662028216520…
W 1844801 tid=zero-compositor-publish len=41a500000000000000330000000100000000000000010000000000000000000000030000000100000001
R 1844799 tid=renderer-1-ipc-in len=41a500000000000000330000000100000000000000010000000000000000000000030000000100000001
W 1844799 tid=main len=309a60000000000000032000000090000002800000000000000fd00000000000000286529203d3e207b2069662028216520…
R 1844801 tid=renderer-ipc-in len=309a60000000000000032000000090000002800000000000000fd00000000000000286529203d3e207b2069662028216520…
W 1844801 tid=zero-compositor-publish len=144a60000000000000033000000010000000000000001000000000000000000000003000000040000000800000000000000…
R 1844799 tid=renderer-1-ipc-in len=144a60000000000000033000000010000000000000001000000000000000000000003000000040000000800000000000000…
W 1844799 tid=main len=241a700000000000000320000000900000001000000000000003b00000000000000287574696c6974795363726970742c20…
R 1844801 tid=renderer-ipc-in len=241a700000000000000320000000900000001000000000000003b00000000000000287574696c6974795363726970742c20…
W 1844801 tid=zero-compositor-publish len=210a70000000000000033000000010000000000000001000000000000000000000003000000050000000200000000000000…
R 1844799 tid=renderer-1-ipc-in len=210a70000000000000033000000010000000000000001000000000000000000000003000000050000000200000000000000…
W 1844799 tid=main len=837a800000000000000320000000900000001000000000000003b00000000000000287574696c6974795363726970742c20…
R 1844801 tid=renderer-ipc-in len=837a800000000000000320000000900000001000000000000003b00000000000000287574696c6974795363726970742c20…
W 1844801 tid=zero-compositor-publish len=49a80000000000000033000000010000000000000001000000000000000000000003000000060000002900000000000000…
R 1844799 tid=renderer-1-ipc-in len=49a80000000000000033000000010000000000000001000000000000000000000003000000060000002900000000000000…
W 1844799 tid=main len=250000000000000000290000006666c243713dc8420002000000
R 1844801 tid=renderer-ipc-in len=250000000000000000290000006666c243713dc8420002000000
W 1844799 tid=main len=250000000000000000290000006666c243713dc8420000000000
R 1844801 tid=renderer-ipc-in len=250000000000000000290000006666c243713dc8420000000000
W 1844799 tid=main len=250000000000000000290000006666c243713dc8420001000000
W 1844799 tid=main len=250000000000000000290000006666c243713dc8420003000000
R 1844801 tid=renderer-ipc-in len=250000000000000000290000006666c243713dc8420001000000
R 1844801 tid=renderer-ipc-in len=250000000000000000290000006666c243713dc8420003000000
W 1844801 tid=zero-compositor-publish len=143b00000000000000310000000000
R 1844799 tid=renderer-1-ipc-in len=143b00000000000000310000000000
W 1844801 tid=zero-compositor-publish len=343c0000000000000031000000010c000000000000002362746e2d636f6e6669726d00
R 1844799 tid=renderer-1-ipc-in len=343c0000000000000031000000010c000000000000002362746e2d636f6e6669726d00
W 1844801 tid=zero-compositor-publish len=833d000000000000003e00000003000000000000006c6f671400000000000000636f6e6669726d2d726573756c74206661…
R 1844799 tid=renderer-1-ipc-in len=833d000000000000003e00000003000000000000006c6f671400000000000000636f6e6669726d2d726573756c74206661…
W 1844799 tid=main len=252a900000000000000320000000900000001000000000000003b00000000000000287574696c6974795363726970742c20…
R 1844801 tid=renderer-ipc-in len=252a900000000000000320000000900000001000000000000003b00000000000000287574696c6974795363726970742c20…
W 1844801 tid=zero-compositor-publish len=52a90000000000000033000000010000000000000001000000000000000000000003000000030000000400000000000000…
R 1844799 tid=renderer-1-ipc-in len=52a90000000000000033000000010000000000000001000000000000000000000003000000030000000400000000000000…
W 1844799 tid=main len=24aa00000000000000320000000a0000002900000000000000
R 1844801 tid=renderer-ipc-in len=24aa00000000000000320000000a0000002900000000000000
W 1844801 tid=zero-compositor-publish len=36aa0000000000000033000000010000000000000001000000000000000000000000000000
R 1844799 tid=renderer-1-ipc-in len=36aa0000000000000033000000010000000000000001000000000000000000000000000000
W 1844799 tid=main len=24ab00000000000000320000000a0000002800000000000000
R 1844801 tid=renderer-ipc-in len=24ab00000000000000320000000a0000002800000000000000
W 1844801 tid=zero-compositor-publish len=36ab0000000000000033000000010000000000000001000000000000000000000000000000
R 1844799 tid=renderer-1-ipc-in len=36ab0000000000000033000000010000000000000001000000000000000000000000000000
W 1844799 tid=main len=3675ac00000000000000320000000900000001000000000000003b00000000000000287574696c6974795363726970742c20…
R 1844801 tid=renderer-ipc-in len=3675ac00000000000000320000000900000001000000000000003b00000000000000287574696c6974795363726970742c20…
W 1844801 tid=zero-compositor-publish len=49ac0000000000000033000000010000000000000001000000000000000000000003000000060000002a00000000000000…
R 1844799 tid=renderer-1-ipc-in len=49ac0000000000000033000000010000000000000001000000000000000000000003000000060000002a00000000000000…
W 1844799 tid=main len=292ad00000000000000320000000900000001000000000000003b00000000000000287574696c6974795363726970742c20…
R 1844801 tid=renderer-ipc-in len=292ad00000000000000320000000900000001000000000000003b00000000000000287574696c6974795363726970742c20…
W 1844801 tid=zero-compositor-publish len=592ad0000000000000033000000010000000000000001000000000000000000000003000000050000000200000000000000…
R 1844799 tid=renderer-1-ipc-in len=592ad0000000000000033000000010000000000000001000000000000000000000003000000050000000200000000000000…
W 1844799 tid=main len=253ae00000000000000320000000900000001000000000000003b00000000000000287574696c6974795363726970742c20…
R 1844801 tid=renderer-ipc-in len=253ae00000000000000320000000900000001000000000000003b00000000000000287574696c6974795363726970742c20…
W 1844801 tid=zero-compositor-publish len=49ae0000000000000033000000010000000000000001000000000000000000000003000000060000002b00000000000000…
R 1844799 tid=renderer-1-ipc-in len=49ae0000000000000033000000010000000000000001000000000000000000000003000000060000002b00000000000000…
W 1844799 tid=main len=295af00000000000000320000000900000001000000000000003b00000000000000287574696c6974795363726970742c20…
R 1844801 tid=renderer-ipc-in len=295af00000000000000320000000900000001000000000000003b00000000000000287574696c6974795363726970742c20…
W 1844801 tid=zero-compositor-publish len=96af0000000000000033000000010000000000000001000000000000000000000003000000030000003000000000000000…
R 1844799 tid=renderer-1-ipc-in len=96af0000000000000033000000010000000000000001000000000000000000000003000000030000003000000000000000…
W 1844799 tid=main len=24b000000000000000320000000a0000002a00000000000000
R 1844801 tid=renderer-ipc-in len=24b000000000000000320000000a0000002a00000000000000
W 1844801 tid=zero-compositor-publish len=36b00000000000000033000000010000000000000001000000000000000000000000000000
R 1844799 tid=renderer-1-ipc-in len=36b00000000000000033000000010000000000000001000000000000000000000000000000
W 1844799 tid=main len=669b100000000000000320000000900000001000000000000003b00000000000000287574696c6974795363726970742c20…
R 1844801 tid=renderer-ipc-in len=669b100000000000000320000000900000001000000000000003b00000000000000287574696c6974795363726970742c20…
W 1844801 tid=zero-compositor-publish len=40b1000000000000003300000001000000000000000100000000000000000000000300000000000000
R 1844799 tid=renderer-1-ipc-in len=40b1000000000000003300000001000000000000000100000000000000000000000300000000000000
W 1844799 tid=main len=325b20000000000000032000000090000002b000000000000000d01000000000000286529203d3e207b2069662028216520…
R 1844801 tid=renderer-ipc-in len=325b20000000000000032000000090000002b000000000000000d01000000000000286529203d3e207b2069662028216520…
W 1844801 tid=zero-compositor-publish len=41b200000000000000330000000100000000000000010000000000000000000000030000000100000001
R 1844799 tid=renderer-1-ipc-in len=41b200000000000000330000000100000000000000010000000000000000000000030000000100000001
W 1844799 tid=main len=309b30000000000000032000000090000002b00000000000000fd00000000000000286529203d3e207b2069662028216520…
R 1844801 tid=renderer-ipc-in len=309b30000000000000032000000090000002b00000000000000fd00000000000000286529203d3e207b2069662028216520…
W 1844801 tid=zero-compositor-publish len=144b30000000000000033000000010000000000000001000000000000000000000003000000040000000800000000000000…
R 1844799 tid=renderer-1-ipc-in len=144b30000000000000033000000010000000000000001000000000000000000000003000000040000000800000000000000…
W 1844799 tid=main len=241b400000000000000320000000900000001000000000000003b00000000000000287574696c6974795363726970742c20…
R 1844801 tid=renderer-ipc-in len=241b400000000000000320000000900000001000000000000003b00000000000000287574696c6974795363726970742c20…
W 1844801 tid=zero-compositor-publish len=210b40000000000000033000000010000000000000001000000000000000000000003000000050000000200000000000000…
R 1844799 tid=renderer-1-ipc-in len=210b40000000000000033000000010000000000000001000000000000000000000003000000050000000200000000000000…
W 1844799 tid=main len=837b500000000000000320000000900000001000000000000003b00000000000000287574696c6974795363726970742c20…
R 1844801 tid=renderer-ipc-in len=837b500000000000000320000000900000001000000000000003b00000000000000287574696c6974795363726970742c20…
W 1844801 tid=zero-compositor-publish len=49b50000000000000033000000010000000000000001000000000000000000000003000000060000002c00000000000000…
R 1844799 tid=renderer-1-ipc-in len=49b50000000000000033000000010000000000000001000000000000000000000003000000060000002c00000000000000…
W 1844799 tid=main len=250000000000000000290000000000e943713dc8420002000000
R 1844801 tid=renderer-ipc-in len=250000000000000000290000000000e943713dc8420002000000
W 1844799 tid=main len=250000000000000000290000000000e943713dc8420000000000
R 1844801 tid=renderer-ipc-in len=250000000000000000290000000000e943713dc8420000000000
W 1844799 tid=main len=250000000000000000290000000000e943713dc8420001000000
R 1844801 tid=renderer-ipc-in len=250000000000000000290000000000e943713dc8420001000000
W 1844799 tid=main len=250000000000000000290000000000e943713dc8420003000000
R 1844801 tid=renderer-ipc-in len=250000000000000000290000000000e943713dc8420003000000
W 1844801 tid=zero-compositor-publish len=143e00000000000000310000000000
R 1844799 tid=renderer-1-ipc-in len=143e00000000000000310000000000
W 1844801 tid=zero-compositor-publish len=333f0000000000000031000000010b000000000000002362746e2d70726f6d707400
R 1844799 tid=renderer-1-ipc-in len=333f0000000000000031000000010b000000000000002362746e2d70726f6d707400
W 1844801 tid=zero-compositor-publish len=7940000000000000003e00000003000000000000006c6f67120000000000000070726f6d70742d726573756c74206e756c…
R 1844799 tid=renderer-1-ipc-in len=7940000000000000003e00000003000000000000006c6f67120000000000000070726f6d70742d726573756c74206e756c…
W 1844799 tid=main len=252b600000000000000320000000900000001000000000000003b00000000000000287574696c6974795363726970742c20…
R 1844801 tid=renderer-ipc-in len=252b600000000000000320000000900000001000000000000003b00000000000000287574696c6974795363726970742c20…
W 1844801 tid=zero-compositor-publish len=52b60000000000000033000000010000000000000001000000000000000000000003000000030000000400000000000000…
R 1844799 tid=renderer-1-ipc-in len=52b60000000000000033000000010000000000000001000000000000000000000003000000030000000400000000000000…
W 1844799 tid=main len=24b700000000000000320000000a0000002c00000000000000
R 1844801 tid=renderer-ipc-in len=24b700000000000000320000000a0000002c00000000000000
W 1844801 tid=zero-compositor-publish len=36b70000000000000033000000010000000000000001000000000000000000000000000000
R 1844799 tid=renderer-1-ipc-in len=36b70000000000000033000000010000000000000001000000000000000000000000000000
W 1844799 tid=main len=24b800000000000000320000000a0000002b00000000000000
R 1844801 tid=renderer-ipc-in len=24b800000000000000320000000a0000002b00000000000000
W 1844801 tid=zero-compositor-publish len=36b80000000000000033000000010000000000000001000000000000000000000000000000
R 1844799 tid=renderer-1-ipc-in len=36b80000000000000033000000010000000000000001000000000000000000000000000000
W 1844799 tid=main len=2133b900000000000000320000000900000001000000000000003b00000000000000287574696c6974795363726970742c20…
R 1844801 tid=renderer-ipc-in len=2133b900000000000000320000000900000001000000000000003b00000000000000287574696c6974795363726970742c20…
W 1844801 tid=zero-compositor-publish len=49b90000000000000033000000010000000000000001000000000000000000000003000000060000002d00000000000000…
R 1844799 tid=renderer-1-ipc-in len=49b90000000000000033000000010000000000000001000000000000000000000003000000060000002d00000000000000…
W 1844799 tid=main len=295ba00000000000000320000000900000001000000000000003b00000000000000287574696c6974795363726970742c20…
R 1844801 tid=renderer-ipc-in len=295ba00000000000000320000000900000001000000000000003b00000000000000287574696c6974795363726970742c20…
W 1844801 tid=zero-compositor-publish len=103ba0000000000000033000000010000000000000001000000000000000000000003000000030000003700000000000000…
R 1844799 tid=renderer-1-ipc-in len=103ba0000000000000033000000010000000000000001000000000000000000000003000000030000003700000000000000…
W 1844799 tid=main len=297bb0000000000000032000000090000002d00000000000000f100000000000000286529203d3e20287b206e6f64654e61…
R 1844801 tid=renderer-ipc-in len=297bb0000000000000032000000090000002d00000000000000f100000000000000286529203d3e20287b206e6f64654e61…
W 1844801 tid=zero-compositor-publish len=303bb0000000000000033000000010000000000000001000000000000000000000003000000050000000500000000000000…
R 1844799 tid=renderer-1-ipc-in len=303bb0000000000000033000000010000000000000001000000000000000000000003000000050000000500000000000000…
W 1844799 tid=main len=24bc00000000000000320000000a0000002d00000000000000
R 1844801 tid=renderer-ipc-in len=24bc00000000000000320000000a0000002d00000000000000
W 1844801 tid=zero-compositor-publish len=36bc0000000000000033000000010000000000000001000000000000000000000000000000
R 1844799 tid=renderer-1-ipc-in len=36bc0000000000000033000000010000000000000001000000000000000000000000000000
W 1844799 tid=main len=2133bd00000000000000320000000900000001000000000000003b00000000000000287574696c6974795363726970742c20…
R 1844801 tid=renderer-ipc-in len=2133bd00000000000000320000000900000001000000000000003b00000000000000287574696c6974795363726970742c20…
W 1844801 tid=zero-compositor-publish len=49bd0000000000000033000000010000000000000001000000000000000000000003000000060000002e00000000000000…
R 1844799 tid=renderer-1-ipc-in len=49bd0000000000000033000000010000000000000001000000000000000000000003000000060000002e00000000000000…
W 1844799 tid=main len=295be00000000000000320000000900000001000000000000003b00000000000000287574696c6974795363726970742c20…
R 1844801 tid=renderer-ipc-in len=295be00000000000000320000000900000001000000000000003b00000000000000287574696c6974795363726970742c20…
W 1844801 tid=zero-compositor-publish len=103be0000000000000033000000010000000000000001000000000000000000000003000000030000003700000000000000…
R 1844799 tid=renderer-1-ipc-in len=103be0000000000000033000000010000000000000001000000000000000000000003000000030000003700000000000000…
W 1844799 tid=main len=297bf0000000000000032000000090000002e00000000000000f100000000000000286529203d3e20287b206e6f64654e61…
R 1844801 tid=renderer-ipc-in len=297bf0000000000000032000000090000002e00000000000000f100000000000000286529203d3e20287b206e6f64654e61…
W 1844801 tid=zero-compositor-publish len=303bf0000000000000033000000010000000000000001000000000000000000000003000000050000000500000000000000…
R 1844799 tid=renderer-1-ipc-in len=303bf0000000000000033000000010000000000000001000000000000000000000003000000050000000500000000000000…
W 1844799 tid=main len=24c000000000000000320000000a0000002e00000000000000
R 1844801 tid=renderer-ipc-in len=24c000000000000000320000000a0000002e00000000000000
W 1844801 tid=zero-compositor-publish len=36c00000000000000033000000010000000000000001000000000000000000000000000000
R 1844799 tid=renderer-1-ipc-in len=36c00000000000000033000000010000000000000001000000000000000000000000000000
W 1844799 tid=main len=2133c100000000000000320000000900000001000000000000003b00000000000000287574696c6974795363726970742c20…
R 1844801 tid=renderer-ipc-in len=2133c100000000000000320000000900000001000000000000003b00000000000000287574696c6974795363726970742c20…
W 1844801 tid=zero-compositor-publish len=49c10000000000000033000000010000000000000001000000000000000000000003000000060000002f00000000000000…
R 1844799 tid=renderer-1-ipc-in len=49c10000000000000033000000010000000000000001000000000000000000000003000000060000002f00000000000000…
W 1844799 tid=main len=295c200000000000000320000000900000001000000000000003b00000000000000287574696c6974795363726970742c20…
R 1844801 tid=renderer-ipc-in len=295c200000000000000320000000900000001000000000000003b00000000000000287574696c6974795363726970742c20…
W 1844801 tid=zero-compositor-publish len=103c20000000000000033000000010000000000000001000000000000000000000003000000030000003700000000000000…
R 1844799 tid=renderer-1-ipc-in len=103c20000000000000033000000010000000000000001000000000000000000000003000000030000003700000000000000…
W 1844799 tid=main len=297c30000000000000032000000090000002f00000000000000f100000000000000286529203d3e20287b206e6f64654e61…
R 1844801 tid=renderer-ipc-in len=297c30000000000000032000000090000002f00000000000000f100000000000000286529203d3e20287b206e6f64654e61…
W 1844801 tid=zero-compositor-publish len=303c30000000000000033000000010000000000000001000000000000000000000003000000050000000500000000000000…
R 1844799 tid=renderer-1-ipc-in len=303c30000000000000033000000010000000000000001000000000000000000000003000000050000000500000000000000…
W 1844799 tid=main len=24c400000000000000320000000a0000002f00000000000000
R 1844801 tid=renderer-ipc-in len=24c400000000000000320000000a0000002f00000000000000
W 1844801 tid=zero-compositor-publish len=36c40000000000000033000000010000000000000001000000000000000000000000000000
R 1844799 tid=renderer-1-ipc-in len=36c40000000000000033000000010000000000000001000000000000000000000000000000
W 1844799 tid=main len=2133c500000000000000320000000900000001000000000000003b00000000000000287574696c6974795363726970742c20…
R 1844801 tid=renderer-ipc-in len=2133c500000000000000320000000900000001000000000000003b00000000000000287574696c6974795363726970742c20…
W 1844801 tid=zero-compositor-publish len=49c50000000000000033000000010000000000000001000000000000000000000003000000060000003000000000000000…
R 1844799 tid=renderer-1-ipc-in len=49c50000000000000033000000010000000000000001000000000000000000000003000000060000003000000000000000…
W 1844799 tid=main len=295c600000000000000320000000900000001000000000000003b00000000000000287574696c6974795363726970742c20…
R 1844801 tid=renderer-ipc-in len=295c600000000000000320000000900000001000000000000003b00000000000000287574696c6974795363726970742c20…
W 1844801 tid=zero-compositor-publish len=103c60000000000000033000000010000000000000001000000000000000000000003000000030000003700000000000000…
R 1844799 tid=renderer-1-ipc-in len=103c60000000000000033000000010000000000000001000000000000000000000003000000030000003700000000000000…
W 1844799 tid=main len=297c70000000000000032000000090000003000000000000000f100000000000000286529203d3e20287b206e6f64654e61…
R 1844801 tid=renderer-ipc-in len=297c70000000000000032000000090000003000000000000000f100000000000000286529203d3e20287b206e6f64654e61…
W 1844801 tid=zero-compositor-publish len=303c70000000000000033000000010000000000000001000000000000000000000003000000050000000500000000000000…
R 1844799 tid=renderer-1-ipc-in len=303c70000000000000033000000010000000000000001000000000000000000000003000000050000000500000000000000…
W 1844799 tid=main len=24c800000000000000320000000a0000003000000000000000
R 1844801 tid=renderer-ipc-in len=24c800000000000000320000000a0000003000000000000000
W 1844801 tid=zero-compositor-publish len=36c80000000000000033000000010000000000000001000000000000000000000000000000
R 1844799 tid=renderer-1-ipc-in len=36c80000000000000033000000010000000000000001000000000000000000000000000000
W 1844799 tid=main len=2133c900000000000000320000000900000001000000000000003b00000000000000287574696c6974795363726970742c20…
R 1844801 tid=renderer-ipc-in len=2133c900000000000000320000000900000001000000000000003b00000000000000287574696c6974795363726970742c20…
W 1844801 tid=zero-compositor-publish len=49c90000000000000033000000010000000000000001000000000000000000000003000000060000003100000000000000…
R 1844799 tid=renderer-1-ipc-in len=49c90000000000000033000000010000000000000001000000000000000000000003000000060000003100000000000000…
W 1844799 tid=main len=295ca00000000000000320000000900000001000000000000003b00000000000000287574696c6974795363726970742c20…
R 1844801 tid=renderer-ipc-in len=295ca00000000000000320000000900000001000000000000003b00000000000000287574696c6974795363726970742c20…
W 1844801 tid=zero-compositor-publish len=103ca0000000000000033000000010000000000000001000000000000000000000003000000030000003700000000000000…
R 1844799 tid=renderer-1-ipc-in len=103ca0000000000000033000000010000000000000001000000000000000000000003000000030000003700000000000000…
W 1844799 tid=main len=297cb0000000000000032000000090000003100000000000000f100000000000000286529203d3e20287b206e6f64654e61…
R 1844801 tid=renderer-ipc-in len=297cb0000000000000032000000090000003100000000000000f100000000000000286529203d3e20287b206e6f64654e61…
W 1844801 tid=zero-compositor-publish len=303cb0000000000000033000000010000000000000001000000000000000000000003000000050000000500000000000000…
R 1844799 tid=renderer-1-ipc-in len=303cb0000000000000033000000010000000000000001000000000000000000000003000000050000000500000000000000…
W 1844799 tid=main len=24cc00000000000000320000000a0000003100000000000000
R 1844801 tid=renderer-ipc-in len=24cc00000000000000320000000a0000003100000000000000
W 1844801 tid=zero-compositor-publish len=36cc0000000000000033000000010000000000000001000000000000000000000000000000
R 1844799 tid=renderer-1-ipc-in len=36cc0000000000000033000000010000000000000001000000000000000000000000000000
W 1844799 tid=main len=2133cd00000000000000320000000900000001000000000000003b00000000000000287574696c6974795363726970742c20…
R 1844801 tid=renderer-ipc-in len=2133cd00000000000000320000000900000001000000000000003b00000000000000287574696c6974795363726970742c20…
W 1844801 tid=zero-compositor-publish len=49cd0000000000000033000000010000000000000001000000000000000000000003000000060000003200000000000000…
R 1844799 tid=renderer-1-ipc-in len=49cd0000000000000033000000010000000000000001000000000000000000000003000000060000003200000000000000…
W 1844799 tid=main len=295ce00000000000000320000000900000001000000000000003b00000000000000287574696c6974795363726970742c20…
R 1844801 tid=renderer-ipc-in len=295ce00000000000000320000000900000001000000000000003b00000000000000287574696c6974795363726970742c20…
W 1844801 tid=zero-compositor-publish len=103ce0000000000000033000000010000000000000001000000000000000000000003000000030000003700000000000000…
R 1844799 tid=renderer-1-ipc-in len=103ce0000000000000033000000010000000000000001000000000000000000000003000000030000003700000000000000…
W 1844799 tid=main len=297cf0000000000000032000000090000003200000000000000f100000000000000286529203d3e20287b206e6f64654e61…
R 1844801 tid=renderer-ipc-in len=297cf0000000000000032000000090000003200000000000000f100000000000000286529203d3e20287b206e6f64654e61…
W 1844801 tid=zero-compositor-publish len=303cf0000000000000033000000010000000000000001000000000000000000000003000000050000000500000000000000…
R 1844799 tid=renderer-1-ipc-in len=303cf0000000000000033000000010000000000000001000000000000000000000003000000050000000500000000000000…
W 1844799 tid=main len=24d000000000000000320000000a0000003200000000000000
R 1844801 tid=renderer-ipc-in len=24d000000000000000320000000a0000003200000000000000
W 1844801 tid=zero-compositor-publish len=36d00000000000000033000000010000000000000001000000000000000000000000000000
R 1844799 tid=renderer-1-ipc-in len=36d00000000000000033000000010000000000000001000000000000000000000000000000
W 1844799 tid=main len=2133d100000000000000320000000900000001000000000000003b00000000000000287574696c6974795363726970742c20…
R 1844801 tid=renderer-ipc-in len=2133d100000000000000320000000900000001000000000000003b00000000000000287574696c6974795363726970742c20…
W 1844801 tid=zero-compositor-publish len=49d10000000000000033000000010000000000000001000000000000000000000003000000060000003300000000000000…
R 1844799 tid=renderer-1-ipc-in len=49d10000000000000033000000010000000000000001000000000000000000000003000000060000003300000000000000…
W 1844799 tid=main len=295d200000000000000320000000900000001000000000000003b00000000000000287574696c6974795363726970742c20…
R 1844801 tid=renderer-ipc-in len=295d200000000000000320000000900000001000000000000003b00000000000000287574696c6974795363726970742c20…
W 1844801 tid=zero-compositor-publish len=103d20000000000000033000000010000000000000001000000000000000000000003000000030000003700000000000000…
R 1844799 tid=renderer-1-ipc-in len=103d20000000000000033000000010000000000000001000000000000000000000003000000030000003700000000000000…
W 1844799 tid=main len=297d30000000000000032000000090000003300000000000000f100000000000000286529203d3e20287b206e6f64654e61…
R 1844801 tid=renderer-ipc-in len=297d30000000000000032000000090000003300000000000000f100000000000000286529203d3e20287b206e6f64654e61…
W 1844801 tid=zero-compositor-publish len=303d30000000000000033000000010000000000000001000000000000000000000003000000050000000500000000000000…
R 1844799 tid=renderer-1-ipc-in len=303d30000000000000033000000010000000000000001000000000000000000000003000000050000000500000000000000…
W 1844799 tid=main len=24d400000000000000320000000a0000003300000000000000
R 1844801 tid=renderer-ipc-in len=24d400000000000000320000000a0000003300000000000000
W 1844801 tid=zero-compositor-publish len=36d40000000000000033000000010000000000000001000000000000000000000000000000
R 1844799 tid=renderer-1-ipc-in len=36d40000000000000033000000010000000000000001000000000000000000000000000000
W 1844799 tid=main len=2133d500000000000000320000000900000001000000000000003b00000000000000287574696c6974795363726970742c20…
R 1844801 tid=renderer-ipc-in len=2133d500000000000000320000000900000001000000000000003b00000000000000287574696c6974795363726970742c20…
W 1844801 tid=zero-compositor-publish len=49d50000000000000033000000010000000000000001000000000000000000000003000000060000003400000000000000…
R 1844799 tid=renderer-1-ipc-in len=49d50000000000000033000000010000000000000001000000000000000000000003000000060000003400000000000000…
W 1844799 tid=main len=295d600000000000000320000000900000001000000000000003b00000000000000287574696c6974795363726970742c20…
R 1844801 tid=renderer-ipc-in len=295d600000000000000320000000900000001000000000000003b00000000000000287574696c6974795363726970742c20…
W 1844801 tid=zero-compositor-publish len=103d60000000000000033000000010000000000000001000000000000000000000003000000030000003700000000000000…
R 1844799 tid=renderer-1-ipc-in len=103d60000000000000033000000010000000000000001000000000000000000000003000000030000003700000000000000…
W 1844799 tid=main len=297d70000000000000032000000090000003400000000000000f100000000000000286529203d3e20287b206e6f64654e61…
R 1844801 tid=renderer-ipc-in len=297d70000000000000032000000090000003400000000000000f100000000000000286529203d3e20287b206e6f64654e61…
W 1844801 tid=zero-compositor-publish len=303d70000000000000033000000010000000000000001000000000000000000000003000000050000000500000000000000…
R 1844799 tid=renderer-1-ipc-in len=303d70000000000000033000000010000000000000001000000000000000000000003000000050000000500000000000000…
W 1844799 tid=main len=24d800000000000000320000000a0000003400000000000000
R 1844801 tid=renderer-ipc-in len=24d800000000000000320000000a0000003400000000000000
W 1844801 tid=zero-compositor-publish len=36d80000000000000033000000010000000000000001000000000000000000000000000000
R 1844799 tid=renderer-1-ipc-in len=36d80000000000000033000000010000000000000001000000000000000000000000000000
W 1844799 tid=main len=2133d900000000000000320000000900000001000000000000003b00000000000000287574696c6974795363726970742c20…
R 1844801 tid=renderer-ipc-in len=2133d900000000000000320000000900000001000000000000003b00000000000000287574696c6974795363726970742c20…
W 1844801 tid=zero-compositor-publish len=49d90000000000000033000000010000000000000001000000000000000000000003000000060000003500000000000000…
R 1844799 tid=renderer-1-ipc-in len=49d90000000000000033000000010000000000000001000000000000000000000003000000060000003500000000000000…
W 1844799 tid=main len=295da00000000000000320000000900000001000000000000003b00000000000000287574696c6974795363726970742c20…
R 1844801 tid=renderer-ipc-in len=295da00000000000000320000000900000001000000000000003b00000000000000287574696c6974795363726970742c20…
W 1844801 tid=zero-compositor-publish len=103da0000000000000033000000010000000000000001000000000000000000000003000000030000003700000000000000…
R 1844799 tid=renderer-1-ipc-in len=103da0000000000000033000000010000000000000001000000000000000000000003000000030000003700000000000000…
W 1844799 tid=main len=297db0000000000000032000000090000003500000000000000f100000000000000286529203d3e20287b206e6f64654e61…
R 1844801 tid=renderer-ipc-in len=297db0000000000000032000000090000003500000000000000f100000000000000286529203d3e20287b206e6f64654e61…
W 1844801 tid=zero-compositor-publish len=303db0000000000000033000000010000000000000001000000000000000000000003000000050000000500000000000000…
R 1844799 tid=renderer-1-ipc-in len=303db0000000000000033000000010000000000000001000000000000000000000003000000050000000500000000000000…
W 1844799 tid=main len=24dc00000000000000320000000a0000003500000000000000
R 1844801 tid=renderer-ipc-in len=24dc00000000000000320000000a0000003500000000000000
W 1844801 tid=zero-compositor-publish len=36dc0000000000000033000000010000000000000001000000000000000000000000000000
R 1844799 tid=renderer-1-ipc-in len=36dc0000000000000033000000010000000000000001000000000000000000000000000000
W 1844799 tid=main len=2133dd00000000000000320000000900000001000000000000003b00000000000000287574696c6974795363726970742c20…
R 1844801 tid=renderer-ipc-in len=2133dd00000000000000320000000900000001000000000000003b00000000000000287574696c6974795363726970742c20…
W 1844801 tid=zero-compositor-publish len=49dd0000000000000033000000010000000000000001000000000000000000000003000000060000003600000000000000…
R 1844799 tid=renderer-1-ipc-in len=49dd0000000000000033000000010000000000000001000000000000000000000003000000060000003600000000000000…
W 1844799 tid=main len=295de00000000000000320000000900000001000000000000003b00000000000000287574696c6974795363726970742c20…
R 1844801 tid=renderer-ipc-in len=295de00000000000000320000000900000001000000000000003b00000000000000287574696c6974795363726970742c20…
W 1844801 tid=zero-compositor-publish len=103de0000000000000033000000010000000000000001000000000000000000000003000000030000003700000000000000…
R 1844799 tid=renderer-1-ipc-in len=103de0000000000000033000000010000000000000001000000000000000000000003000000030000003700000000000000…
W 1844799 tid=main len=297df0000000000000032000000090000003600000000000000f100000000000000286529203d3e20287b206e6f64654e61…
R 1844801 tid=renderer-ipc-in len=297df0000000000000032000000090000003600000000000000f100000000000000286529203d3e20287b206e6f64654e61…
W 1844801 tid=zero-compositor-publish len=303df0000000000000033000000010000000000000001000000000000000000000003000000050000000500000000000000…
R 1844799 tid=renderer-1-ipc-in len=303df0000000000000033000000010000000000000001000000000000000000000003000000050000000500000000000000…
W 1844799 tid=main len=24e000000000000000320000000a0000003600000000000000
R 1844801 tid=renderer-ipc-in len=24e000000000000000320000000a0000003600000000000000
W 1844801 tid=zero-compositor-publish len=36e00000000000000033000000010000000000000001000000000000000000000000000000
R 1844799 tid=renderer-1-ipc-in len=36e00000000000000033000000010000000000000001000000000000000000000000000000
W 1844799 tid=main len=2133e100000000000000320000000900000001000000000000003b00000000000000287574696c6974795363726970742c20…
R 1844801 tid=renderer-ipc-in len=2133e100000000000000320000000900000001000000000000003b00000000000000287574696c6974795363726970742c20…
W 1844801 tid=zero-compositor-publish len=49e10000000000000033000000010000000000000001000000000000000000000003000000060000003700000000000000…
R 1844799 tid=renderer-1-ipc-in len=49e10000000000000033000000010000000000000001000000000000000000000003000000060000003700000000000000…
W 1844799 tid=main len=295e200000000000000320000000900000001000000000000003b00000000000000287574696c6974795363726970742c20…
R 1844801 tid=renderer-ipc-in len=295e200000000000000320000000900000001000000000000003b00000000000000287574696c6974795363726970742c20…
W 1844801 tid=zero-compositor-publish len=103e20000000000000033000000010000000000000001000000000000000000000003000000030000003700000000000000…
R 1844799 tid=renderer-1-ipc-in len=103e20000000000000033000000010000000000000001000000000000000000000003000000030000003700000000000000…
W 1844799 tid=main len=297e30000000000000032000000090000003700000000000000f100000000000000286529203d3e20287b206e6f64654e61…
R 1844801 tid=renderer-ipc-in len=297e30000000000000032000000090000003700000000000000f100000000000000286529203d3e20287b206e6f64654e61…
W 1844801 tid=zero-compositor-publish len=303e30000000000000033000000010000000000000001000000000000000000000003000000050000000500000000000000…
R 1844799 tid=renderer-1-ipc-in len=303e30000000000000033000000010000000000000001000000000000000000000003000000050000000500000000000000…
W 1844799 tid=main len=24e400000000000000320000000a0000003700000000000000
R 1844801 tid=renderer-ipc-in len=24e400000000000000320000000a0000003700000000000000
W 1844801 tid=zero-compositor-publish len=36e40000000000000033000000010000000000000001000000000000000000000000000000
R 1844799 tid=renderer-1-ipc-in len=36e40000000000000033000000010000000000000001000000000000000000000000000000
W 1844799 tid=main len=2133e500000000000000320000000900000001000000000000003b00000000000000287574696c6974795363726970742c20…
R 1844801 tid=renderer-ipc-in len=2133e500000000000000320000000900000001000000000000003b00000000000000287574696c6974795363726970742c20…
W 1844801 tid=zero-compositor-publish len=49e50000000000000033000000010000000000000001000000000000000000000003000000060000003800000000000000…
R 1844799 tid=renderer-1-ipc-in len=49e50000000000000033000000010000000000000001000000000000000000000003000000060000003800000000000000…
W 1844799 tid=main len=295e600000000000000320000000900000001000000000000003b00000000000000287574696c6974795363726970742c20…
R 1844801 tid=renderer-ipc-in len=295e600000000000000320000000900000001000000000000003b00000000000000287574696c6974795363726970742c20…
W 1844801 tid=zero-compositor-publish len=103e60000000000000033000000010000000000000001000000000000000000000003000000030000003700000000000000…
R 1844799 tid=renderer-1-ipc-in len=103e60000000000000033000000010000000000000001000000000000000000000003000000030000003700000000000000…
W 1844799 tid=main len=297e70000000000000032000000090000003800000000000000f100000000000000286529203d3e20287b206e6f64654e61…
R 1844801 tid=renderer-ipc-in len=297e70000000000000032000000090000003800000000000000f100000000000000286529203d3e20287b206e6f64654e61…
W 1844801 tid=zero-compositor-publish len=303e70000000000000033000000010000000000000001000000000000000000000003000000050000000500000000000000…
R 1844799 tid=renderer-1-ipc-in len=303e70000000000000033000000010000000000000001000000000000000000000003000000050000000500000000000000…
W 1844799 tid=main len=24e800000000000000320000000a0000003800000000000000
R 1844801 tid=renderer-ipc-in len=24e800000000000000320000000a0000003800000000000000
W 1844801 tid=zero-compositor-publish len=36e80000000000000033000000010000000000000001000000000000000000000000000000
R 1844799 tid=renderer-1-ipc-in len=36e80000000000000033000000010000000000000001000000000000000000000000000000
W 1844799 tid=main len=2133e900000000000000320000000900000001000000000000003b00000000000000287574696c6974795363726970742c20…
R 1844801 tid=renderer-ipc-in len=2133e900000000000000320000000900000001000000000000003b00000000000000287574696c6974795363726970742c20…
W 1844801 tid=zero-compositor-publish len=49e90000000000000033000000010000000000000001000000000000000000000003000000060000003900000000000000…
R 1844799 tid=renderer-1-ipc-in len=49e90000000000000033000000010000000000000001000000000000000000000003000000060000003900000000000000…
W 1844799 tid=main len=295ea00000000000000320000000900000001000000000000003b00000000000000287574696c6974795363726970742c20…
R 1844801 tid=renderer-ipc-in len=295ea00000000000000320000000900000001000000000000003b00000000000000287574696c6974795363726970742c20…
W 1844801 tid=zero-compositor-publish len=103ea0000000000000033000000010000000000000001000000000000000000000003000000030000003700000000000000…
R 1844799 tid=renderer-1-ipc-in len=103ea0000000000000033000000010000000000000001000000000000000000000003000000030000003700000000000000…
W 1844799 tid=main len=297eb0000000000000032000000090000003900000000000000f100000000000000286529203d3e20287b206e6f64654e61…
R 1844801 tid=renderer-ipc-in len=297eb0000000000000032000000090000003900000000000000f100000000000000286529203d3e20287b206e6f64654e61…
W 1844801 tid=zero-compositor-publish len=303eb0000000000000033000000010000000000000001000000000000000000000003000000050000000500000000000000…
R 1844799 tid=renderer-1-ipc-in len=303eb0000000000000033000000010000000000000001000000000000000000000003000000050000000500000000000000…
W 1844799 tid=main len=24ec00000000000000320000000a0000003900000000000000
R 1844801 tid=renderer-ipc-in len=24ec00000000000000320000000a0000003900000000000000
W 1844801 tid=zero-compositor-publish len=36ec0000000000000033000000010000000000000001000000000000000000000000000000
R 1844799 tid=renderer-1-ipc-in len=36ec0000000000000033000000010000000000000001000000000000000000000000000000
W 1844799 tid=main len=2133ed00000000000000320000000900000001000000000000003b00000000000000287574696c6974795363726970742c20…
R 1844801 tid=renderer-ipc-in len=2133ed00000000000000320000000900000001000000000000003b00000000000000287574696c6974795363726970742c20…
W 1844801 tid=zero-compositor-publish len=49ed0000000000000033000000010000000000000001000000000000000000000003000000060000003a00000000000000…
R 1844799 tid=renderer-1-ipc-in len=49ed0000000000000033000000010000000000000001000000000000000000000003000000060000003a00000000000000…
W 1844799 tid=main len=295ee00000000000000320000000900000001000000000000003b00000000000000287574696c6974795363726970742c20…
R 1844801 tid=renderer-ipc-in len=295ee00000000000000320000000900000001000000000000003b00000000000000287574696c6974795363726970742c20…
W 1844801 tid=zero-compositor-publish len=103ee0000000000000033000000010000000000000001000000000000000000000003000000030000003700000000000000…
R 1844799 tid=renderer-1-ipc-in len=103ee0000000000000033000000010000000000000001000000000000000000000003000000030000003700000000000000…
W 1844799 tid=main len=297ef0000000000000032000000090000003a00000000000000f100000000000000286529203d3e20287b206e6f64654e61…
R 1844801 tid=renderer-ipc-in len=297ef0000000000000032000000090000003a00000000000000f100000000000000286529203d3e20287b206e6f64654e61…
W 1844801 tid=zero-compositor-publish len=303ef0000000000000033000000010000000000000001000000000000000000000003000000050000000500000000000000…
R 1844799 tid=renderer-1-ipc-in len=303ef0000000000000033000000010000000000000001000000000000000000000003000000050000000500000000000000…
W 1844799 tid=main len=24f000000000000000320000000a0000003a00000000000000
R 1844801 tid=renderer-ipc-in len=24f000000000000000320000000a0000003a00000000000000
W 1844801 tid=zero-compositor-publish len=36f00000000000000033000000010000000000000001000000000000000000000000000000
R 1844799 tid=renderer-1-ipc-in len=36f00000000000000033000000010000000000000001000000000000000000000000000000
W 1844799 tid=main len=2133f100000000000000320000000900000001000000000000003b00000000000000287574696c6974795363726970742c20…
R 1844801 tid=renderer-ipc-in len=2133f100000000000000320000000900000001000000000000003b00000000000000287574696c6974795363726970742c20…
W 1844801 tid=zero-compositor-publish len=49f10000000000000033000000010000000000000001000000000000000000000003000000060000003b00000000000000…
R 1844799 tid=renderer-1-ipc-in len=49f10000000000000033000000010000000000000001000000000000000000000003000000060000003b00000000000000…
W 1844799 tid=main len=295f200000000000000320000000900000001000000000000003b00000000000000287574696c6974795363726970742c20…
R 1844801 tid=renderer-ipc-in len=295f200000000000000320000000900000001000000000000003b00000000000000287574696c6974795363726970742c20…
W 1844801 tid=zero-compositor-publish len=103f20000000000000033000000010000000000000001000000000000000000000003000000030000003700000000000000…
R 1844799 tid=renderer-1-ipc-in len=103f20000000000000033000000010000000000000001000000000000000000000003000000030000003700000000000000…
W 1844799 tid=main len=297f30000000000000032000000090000003b00000000000000f100000000000000286529203d3e20287b206e6f64654e61…
R 1844801 tid=renderer-ipc-in len=297f30000000000000032000000090000003b00000000000000f100000000000000286529203d3e20287b206e6f64654e61…
W 1844801 tid=zero-compositor-publish len=303f30000000000000033000000010000000000000001000000000000000000000003000000050000000500000000000000…
R 1844799 tid=renderer-1-ipc-in len=303f30000000000000033000000010000000000000001000000000000000000000003000000050000000500000000000000…
W 1844799 tid=main len=24f400000000000000320000000a0000003b00000000000000
R 1844801 tid=renderer-ipc-in len=24f400000000000000320000000a0000003b00000000000000
W 1844801 tid=zero-compositor-publish len=36f40000000000000033000000010000000000000001000000000000000000000000000000
R 1844799 tid=renderer-1-ipc-in len=36f40000000000000033000000010000000000000001000000000000000000000000000000
W 1844799 tid=main len=2133f500000000000000320000000900000001000000000000003b00000000000000287574696c6974795363726970742c20…
R 1844801 tid=renderer-ipc-in len=2133f500000000000000320000000900000001000000000000003b00000000000000287574696c6974795363726970742c20…
W 1844801 tid=zero-compositor-publish len=49f50000000000000033000000010000000000000001000000000000000000000003000000060000003c00000000000000…
R 1844799 tid=renderer-1-ipc-in len=49f50000000000000033000000010000000000000001000000000000000000000003000000060000003c00000000000000…
W 1844799 tid=main len=295f600000000000000320000000900000001000000000000003b00000000000000287574696c6974795363726970742c20…
R 1844801 tid=renderer-ipc-in len=295f600000000000000320000000900000001000000000000003b00000000000000287574696c6974795363726970742c20…
W 1844801 tid=zero-compositor-publish len=103f60000000000000033000000010000000000000001000000000000000000000003000000030000003700000000000000…
R 1844799 tid=renderer-1-ipc-in len=103f60000000000000033000000010000000000000001000000000000000000000003000000030000003700000000000000…
W 1844799 tid=main len=297f70000000000000032000000090000003c00000000000000f100000000000000286529203d3e20287b206e6f64654e61…
R 1844801 tid=renderer-ipc-in len=297f70000000000000032000000090000003c00000000000000f100000000000000286529203d3e20287b206e6f64654e61…
W 1844801 tid=zero-compositor-publish len=303f70000000000000033000000010000000000000001000000000000000000000003000000050000000500000000000000…
R 1844799 tid=renderer-1-ipc-in len=303f70000000000000033000000010000000000000001000000000000000000000003000000050000000500000000000000…
W 1844799 tid=main len=24f800000000000000320000000a0000003c00000000000000
R 1844801 tid=renderer-ipc-in len=24f800000000000000320000000a0000003c00000000000000
W 1844801 tid=zero-compositor-publish len=36f80000000000000033000000010000000000000001000000000000000000000000000000
R 1844799 tid=renderer-1-ipc-in len=36f80000000000000033000000010000000000000001000000000000000000000000000000
W 1844799 tid=main len=2133f900000000000000320000000900000001000000000000003b00000000000000287574696c6974795363726970742c20…
R 1844801 tid=renderer-ipc-in len=2133f900000000000000320000000900000001000000000000003b00000000000000287574696c6974795363726970742c20…
W 1844801 tid=zero-compositor-publish len=49f90000000000000033000000010000000000000001000000000000000000000003000000060000003d00000000000000…
R 1844799 tid=renderer-1-ipc-in len=49f90000000000000033000000010000000000000001000000000000000000000003000000060000003d00000000000000…
W 1844799 tid=main len=295fa00000000000000320000000900000001000000000000003b00000000000000287574696c6974795363726970742c20…
R 1844801 tid=renderer-ipc-in len=295fa00000000000000320000000900000001000000000000003b00000000000000287574696c6974795363726970742c20…
W 1844801 tid=zero-compositor-publish len=103fa0000000000000033000000010000000000000001000000000000000000000003000000030000003700000000000000…
R 1844799 tid=renderer-1-ipc-in len=103fa0000000000000033000000010000000000000001000000000000000000000003000000030000003700000000000000…
W 1844799 tid=main len=297fb0000000000000032000000090000003d00000000000000f100000000000000286529203d3e20287b206e6f64654e61…
R 1844801 tid=renderer-ipc-in len=297fb0000000000000032000000090000003d00000000000000f100000000000000286529203d3e20287b206e6f64654e61…
W 1844801 tid=zero-compositor-publish len=303fb0000000000000033000000010000000000000001000000000000000000000003000000050000000500000000000000…
R 1844799 tid=renderer-1-ipc-in len=303fb0000000000000033000000010000000000000001000000000000000000000003000000050000000500000000000000…
W 1844799 tid=main len=24fc00000000000000320000000a0000003d00000000000000
R 1844801 tid=renderer-ipc-in len=24fc00000000000000320000000a0000003d00000000000000
W 1844801 tid=zero-compositor-publish len=36fc0000000000000033000000010000000000000001000000000000000000000000000000
R 1844799 tid=renderer-1-ipc-in len=36fc0000000000000033000000010000000000000001000000000000000000000000000000
W 1844799 tid=main len=2133fd00000000000000320000000900000001000000000000003b00000000000000287574696c6974795363726970742c20…
R 1844801 tid=renderer-ipc-in len=2133fd00000000000000320000000900000001000000000000003b00000000000000287574696c6974795363726970742c20…
W 1844801 tid=zero-compositor-publish len=49fd0000000000000033000000010000000000000001000000000000000000000003000000060000003e00000000000000…
R 1844799 tid=renderer-1-ipc-in len=49fd0000000000000033000000010000000000000001000000000000000000000003000000060000003e00000000000000…
W 1844799 tid=main len=295fe00000000000000320000000900000001000000000000003b00000000000000287574696c6974795363726970742c20…
R 1844801 tid=renderer-ipc-in len=295fe00000000000000320000000900000001000000000000003b00000000000000287574696c6974795363726970742c20…
W 1844801 tid=zero-compositor-publish len=103fe0000000000000033000000010000000000000001000000000000000000000003000000030000003700000000000000…
R 1844799 tid=renderer-1-ipc-in len=103fe0000000000000033000000010000000000000001000000000000000000000003000000030000003700000000000000…
W 1844799 tid=main len=297ff0000000000000032000000090000003e00000000000000f100000000000000286529203d3e20287b206e6f64654e61…
R 1844801 tid=renderer-ipc-in len=297ff0000000000000032000000090000003e00000000000000f100000000000000286529203d3e20287b206e6f64654e61…
W 1844801 tid=zero-compositor-publish len=303ff0000000000000033000000010000000000000001000000000000000000000003000000050000000500000000000000…
R 1844799 tid=renderer-1-ipc-in len=303ff0000000000000033000000010000000000000001000000000000000000000003000000050000000500000000000000…
W 1844799 tid=main len=240001000000000000320000000a0000003e00000000000000
R 1844801 tid=renderer-ipc-in len=240001000000000000320000000a0000003e00000000000000
W 1844801 tid=zero-compositor-publish len=36000100000000000033000000010000000000000001000000000000000000000000000000
R 1844799 tid=renderer-1-ipc-in len=36000100000000000033000000010000000000000001000000000000000000000000000000
W 1844799 tid=main len=21330101000000000000320000000900000001000000000000003b00000000000000287574696c6974795363726970742c20…
R 1844801 tid=renderer-ipc-in len=21330101000000000000320000000900000001000000000000003b00000000000000287574696c6974795363726970742c20…
W 1844801 tid=zero-compositor-publish len=49010100000000000033000000010000000000000001000000000000000000000003000000060000003f00000000000000…
R 1844799 tid=renderer-1-ipc-in len=49010100000000000033000000010000000000000001000000000000000000000003000000060000003f00000000000000…
W 1844799 tid=main len=2950201000000000000320000000900000001000000000000003b00000000000000287574696c6974795363726970742c20…
R 1844801 tid=renderer-ipc-in len=2950201000000000000320000000900000001000000000000003b00000000000000287574696c6974795363726970742c20…
W 1844801 tid=zero-compositor-publish len=103020100000000000033000000010000000000000001000000000000000000000003000000030000003700000000000000…
R 1844799 tid=renderer-1-ipc-in len=103020100000000000033000000010000000000000001000000000000000000000003000000030000003700000000000000…
W 1844799 tid=main len=297030100000000000032000000090000003f00000000000000f100000000000000286529203d3e20287b206e6f64654e61…
R 1844801 tid=renderer-ipc-in len=297030100000000000032000000090000003f00000000000000f100000000000000286529203d3e20287b206e6f64654e61…
W 1844801 tid=zero-compositor-publish len=303030100000000000033000000010000000000000001000000000000000000000003000000050000000500000000000000…
R 1844799 tid=renderer-1-ipc-in len=303030100000000000033000000010000000000000001000000000000000000000003000000050000000500000000000000…
W 1844799 tid=main len=240401000000000000320000000a0000003f00000000000000
R 1844801 tid=renderer-ipc-in len=240401000000000000320000000a0000003f00000000000000
W 1844801 tid=zero-compositor-publish len=36040100000000000033000000010000000000000001000000000000000000000000000000
R 1844799 tid=renderer-1-ipc-in len=36040100000000000033000000010000000000000001000000000000000000000000000000
W 1844799 tid=main len=21330501000000000000320000000900000001000000000000003b00000000000000287574696c6974795363726970742c20…
R 1844801 tid=renderer-ipc-in len=21330501000000000000320000000900000001000000000000003b00000000000000287574696c6974795363726970742c20…
W 1844801 tid=zero-compositor-publish len=49050100000000000033000000010000000000000001000000000000000000000003000000060000004000000000000000…
R 1844799 tid=renderer-1-ipc-in len=49050100000000000033000000010000000000000001000000000000000000000003000000060000004000000000000000…
W 1844799 tid=main len=2950601000000000000320000000900000001000000000000003b00000000000000287574696c6974795363726970742c20…
R 1844801 tid=renderer-ipc-in len=2950601000000000000320000000900000001000000000000003b00000000000000287574696c6974795363726970742c20…
W 1844801 tid=zero-compositor-publish len=103060100000000000033000000010000000000000001000000000000000000000003000000030000003700000000000000…
R 1844799 tid=renderer-1-ipc-in len=103060100000000000033000000010000000000000001000000000000000000000003000000030000003700000000000000…
W 1844799 tid=main len=297070100000000000032000000090000004000000000000000f100000000000000286529203d3e20287b206e6f64654e61…
R 1844801 tid=renderer-ipc-in len=297070100000000000032000000090000004000000000000000f100000000000000286529203d3e20287b206e6f64654e61…
W 1844801 tid=zero-compositor-publish len=303070100000000000033000000010000000000000001000000000000000000000003000000050000000500000000000000…
R 1844799 tid=renderer-1-ipc-in len=303070100000000000033000000010000000000000001000000000000000000000003000000050000000500000000000000…
W 1844799 tid=main len=240801000000000000320000000a0000004000000000000000
R 1844801 tid=renderer-ipc-in len=240801000000000000320000000a0000004000000000000000
W 1844801 tid=zero-compositor-publish len=36080100000000000033000000010000000000000001000000000000000000000000000000
R 1844799 tid=renderer-1-ipc-in len=36080100000000000033000000010000000000000001000000000000000000000000000000
W 1844799 tid=main len=21330901000000000000320000000900000001000000000000003b00000000000000287574696c6974795363726970742c20…
R 1844801 tid=renderer-ipc-in len=21330901000000000000320000000900000001000000000000003b00000000000000287574696c6974795363726970742c20…
W 1844801 tid=zero-compositor-publish len=49090100000000000033000000010000000000000001000000000000000000000003000000060000004100000000000000…
R 1844799 tid=renderer-1-ipc-in len=49090100000000000033000000010000000000000001000000000000000000000003000000060000004100000000000000…
W 1844799 tid=main len=2950a01000000000000320000000900000001000000000000003b00000000000000287574696c6974795363726970742c20…
R 1844801 tid=renderer-ipc-in len=2950a01000000000000320000000900000001000000000000003b00000000000000287574696c6974795363726970742c20…
W 1844801 tid=zero-compositor-publish len=1030a0100000000000033000000010000000000000001000000000000000000000003000000030000003700000000000000…
R 1844799 tid=renderer-1-ipc-in len=1030a0100000000000033000000010000000000000001000000000000000000000003000000030000003700000000000000…
W 1844799 tid=main len=2970b0100000000000032000000090000004100000000000000f100000000000000286529203d3e20287b206e6f64654e61…
R 1844801 tid=renderer-ipc-in len=2970b0100000000000032000000090000004100000000000000f100000000000000286529203d3e20287b206e6f64654e61…
W 1844801 tid=zero-compositor-publish len=3030b0100000000000033000000010000000000000001000000000000000000000003000000050000000500000000000000…
R 1844799 tid=renderer-1-ipc-in len=3030b0100000000000033000000010000000000000001000000000000000000000003000000050000000500000000000000…
W 1844799 tid=main len=240c01000000000000320000000a0000004100000000000000
R 1844801 tid=renderer-ipc-in len=240c01000000000000320000000a0000004100000000000000
W 1844801 tid=zero-compositor-publish len=360c0100000000000033000000010000000000000001000000000000000000000000000000
R 1844799 tid=renderer-1-ipc-in len=360c0100000000000033000000010000000000000001000000000000000000000000000000
W 1844799 tid=main len=1600000000000000000800000000000000
R 1844801 tid=renderer-ipc-in len=1600000000000000000800000000000000
W 1844799 tid=main len=1600000000000000000700000001000000
R 1844801 tid=renderer-ipc-in len=1600000000000000000700000001000000
W 1844799 tid=main len=2410d01000000000000320000000900000002000000000000003b00000000000000287574696c6974795363726970742c20…
R 1844801 tid=renderer-ipc-in len=2410d01000000000000320000000900000002000000000000003b00000000000000287574696c6974795363726970742c20…
W 1844801 tid=zero-compositor-publish len=1245441000000000000001d00000001000000000000000100000000000000110000000000000020030000580200000000803f…
R 1844799 tid=renderer-1-ipc-in len=1245441000000000000001d00000001000000000000000100000000000000110000000000000020030000580200000000803f…
W 1844801 tid=zero-compositor-publish len=1217742000000000000001d00000001000000000000000100000000000000120000000000000020030000580200000000803f…
R 1844799 tid=renderer-1-ipc-in len=1217742000000000000001d00000001000000000000000100000000000000120000000000000020030000580200000000803f…
W 1844801 tid=zero-compositor-publish len=410d01000000000000330000000100000000000000010000000000000000000000030000000100000001
R 1844799 tid=renderer-1-ipc-in len=410d01000000000000330000000100000000000000010000000000000000000000030000000100000001
W 1844799 tid=main len=36020e01000000000000320000000900000001000000000000003b00000000000000287574696c6974795363726970742c20…
R 1844801 tid=renderer-ipc-in len=36020e01000000000000320000000900000001000000000000003b00000000000000287574696c6974795363726970742c20…
W 1844801 tid=zero-compositor-publish len=400e010000000000003300000001000000000000000100000000000000000000000300000000000000
R 1844799 tid=renderer-1-ipc-in len=400e010000000000003300000001000000000000000100000000000000000000000300000000000000
W 1844799 tid=main len=2110f01000000000000320000000900000001000000000000003b00000000000000287574696c6974795363726970742c20…
R 1844801 tid=renderer-ipc-in len=2110f01000000000000320000000900000001000000000000003b00000000000000287574696c6974795363726970742c20…
W 1844801 tid=zero-compositor-publish len=1220943000000000000001d00000001000000000000000100000000000000130000000000000020030000580200000000803f…
R 1844799 tid=renderer-1-ipc-in len=1220943000000000000001d00000001000000000000000100000000000000130000000000000020030000580200000000803f…
W 1844801 tid=zero-compositor-publish len=11810f0100000000000033000000010000000000000001000000000000000000000003000000050000000200000000000000…
R 1844799 tid=renderer-1-ipc-in len=11810f0100000000000033000000010000000000000001000000000000000000000003000000050000000200000000000000…
W 1844799 tid=main len=2531001000000000000320000000900000001000000000000003b00000000000000287574696c6974795363726970742c20…
R 1844801 tid=renderer-ipc-in len=2531001000000000000320000000900000001000000000000003b00000000000000287574696c6974795363726970742c20…
W 1844801 tid=zero-compositor-publish len=4010010000000000003300000001000000000000000100000000000000000000000300000000000000
R 1844799 tid=renderer-1-ipc-in len=4010010000000000003300000001000000000000000100000000000000000000000300000000000000
W 1844801 tid=zero-compositor-publish len=1217744000000000000001d00000001000000000000000100000000000000140000000000000020030000580200000000803f…
R 1844799 tid=renderer-1-ipc-in len=1217744000000000000001d00000001000000000000000100000000000000140000000000000020030000580200000000803f…
W 1844799 tid=main len=36021101000000000000320000000900000001000000000000003b00000000000000287574696c6974795363726970742c20…
R 1844801 tid=renderer-ipc-in len=36021101000000000000320000000900000001000000000000003b00000000000000287574696c6974795363726970742c20…
W 1844801 tid=zero-compositor-publish len=4011010000000000003300000001000000000000000100000000000000000000000300000000000000
R 1844799 tid=renderer-1-ipc-in len=4011010000000000003300000001000000000000000100000000000000000000000300000000000000
W 1844799 tid=main len=2111201000000000000320000000900000001000000000000003b00000000000000287574696c6974795363726970742c20…
R 1844801 tid=renderer-ipc-in len=2111201000000000000320000000900000001000000000000003b00000000000000287574696c6974795363726970742c20…
W 1844801 tid=zero-compositor-publish len=1220945000000000000001d00000001000000000000000100000000000000150000000000000020030000580200000000803f…
R 1844799 tid=renderer-1-ipc-in len=1220945000000000000001d00000001000000000000000100000000000000150000000000000020030000580200000000803f…
W 1844801 tid=zero-compositor-publish len=1181120100000000000033000000010000000000000001000000000000000000000003000000050000000200000000000000…
R 1844799 tid=renderer-1-ipc-in len=1181120100000000000033000000010000000000000001000000000000000000000003000000050000000200000000000000…
W 1844799 tid=main len=30061301000000000000320000000900000001000000000000003b00000000000000287574696c6974795363726970742c20…
R 1844801 tid=renderer-ipc-in len=30061301000000000000320000000900000001000000000000003b00000000000000287574696c6974795363726970742c20…
W 1844801 tid=zero-compositor-publish len=49130100000000000033000000010000000000000001000000000000000000000003000000060000004200000000000000…
R 1844799 tid=renderer-1-ipc-in len=49130100000000000033000000010000000000000001000000000000000000000003000000060000004200000000000000…
W 1844799 tid=main len=2521401000000000000320000000900000001000000000000003b00000000000000287574696c6974795363726970742c20…
R 1844801 tid=renderer-ipc-in len=2521401000000000000320000000900000001000000000000003b00000000000000287574696c6974795363726970742c20…
W 1844801 tid=zero-compositor-publish len=74140100000000000033000000010000000000000001000000000000000000000003000000030000001a00000000000000…
R 1844799 tid=renderer-1-ipc-in len=74140100000000000033000000010000000000000001000000000000000000000003000000030000001a00000000000000…
W 1844799 tid=main len=241501000000000000320000000a0000004200000000000000
R 1844801 tid=renderer-ipc-in len=241501000000000000320000000a0000004200000000000000
W 1844801 tid=zero-compositor-publish len=36150100000000000033000000010000000000000001000000000000000000000000000000
R 1844799 tid=renderer-1-ipc-in len=36150100000000000033000000010000000000000001000000000000000000000000000000
W 1844799 tid=main len=2531601000000000000320000000900000001000000000000003b00000000000000287574696c6974795363726970742c20…
R 1844801 tid=renderer-ipc-in len=2531601000000000000320000000900000001000000000000003b00000000000000287574696c6974795363726970742c20…
W 1844801 tid=zero-compositor-publish len=4016010000000000003300000001000000000000000100000000000000000000000300000000000000
R 1844799 tid=renderer-1-ipc-in len=4016010000000000003300000001000000000000000100000000000000000000000300000000000000
W 1844801 tid=zero-compositor-publish len=1217746000000000000001d00000001000000000000000100000000000000160000000000000020030000580200000000803f…
R 1844799 tid=renderer-1-ipc-in len=1217746000000000000001d00000001000000000000000100000000000000160000000000000020030000580200000000803f…
W 1844799 tid=main len=36871701000000000000320000000900000001000000000000003b00000000000000287574696c6974795363726970742c20…
R 1844801 tid=renderer-ipc-in len=36871701000000000000320000000900000001000000000000003b00000000000000287574696c6974795363726970742c20…
W 1844801 tid=zero-compositor-publish len=49170100000000000033000000010000000000000001000000000000000000000003000000060000004300000000000000…
R 1844799 tid=renderer-1-ipc-in len=49170100000000000033000000010000000000000001000000000000000000000003000000060000004300000000000000…
W 1844799 tid=main len=3021801000000000000320000000900000001000000000000003b00000000000000287574696c6974795363726970742c20…
R 1844801 tid=renderer-ipc-in len=3021801000000000000320000000900000001000000000000003b00000000000000287574696c6974795363726970742c20…
W 1844801 tid=zero-compositor-publish len=321180100000000000033000000010000000000000001000000000000000000000003000000050000000200000000000000…
R 1844799 tid=renderer-1-ipc-in len=321180100000000000033000000010000000000000001000000000000000000000003000000050000000200000000000000…
W 1844799 tid=main len=2531901000000000000320000000900000001000000000000003b00000000000000287574696c6974795363726970742c20…
R 1844801 tid=renderer-ipc-in len=2531901000000000000320000000900000001000000000000003b00000000000000287574696c6974795363726970742c20…
W 1844801 tid=zero-compositor-publish len=49190100000000000033000000010000000000000001000000000000000000000003000000060000004400000000000000…
R 1844799 tid=renderer-1-ipc-in len=49190100000000000033000000010000000000000001000000000000000000000003000000060000004400000000000000…
W 1844799 tid=main len=2951a01000000000000320000000900000001000000000000003b00000000000000287574696c6974795363726970742c20…
R 1844801 tid=renderer-ipc-in len=2951a01000000000000320000000900000001000000000000003b00000000000000287574696c6974795363726970742c20…
W 1844801 tid=zero-compositor-publish len=911a0100000000000033000000010000000000000001000000000000000000000003000000030000002b00000000000000…
R 1844799 tid=renderer-1-ipc-in len=911a0100000000000033000000010000000000000001000000000000000000000003000000030000002b00000000000000…
W 1844799 tid=main len=241b01000000000000320000000a0000004300000000000000
R 1844801 tid=renderer-ipc-in len=241b01000000000000320000000a0000004300000000000000
W 1844801 tid=zero-compositor-publish len=361b0100000000000033000000010000000000000001000000000000000000000000000000
R 1844799 tid=renderer-1-ipc-in len=361b0100000000000033000000010000000000000001000000000000000000000000000000
W 1844799 tid=main len=2971c0100000000000032000000090000004400000000000000f100000000000000286529203d3e20287b206e6f64654e61…
R 1844801 tid=renderer-ipc-in len=2971c0100000000000032000000090000004400000000000000f100000000000000286529203d3e20287b206e6f64654e61…
W 1844801 tid=zero-compositor-publish len=2511c0100000000000033000000010000000000000001000000000000000000000003000000050000000500000000000000…
R 1844799 tid=renderer-1-ipc-in len=2511c0100000000000033000000010000000000000001000000000000000000000003000000050000000500000000000000…
W 1844799 tid=main len=641d01000000000000320000000900000044000000000000000800000000000000286529203d3e20650100000000000000…
R 1844801 tid=renderer-ipc-in len=641d01000000000000320000000900000044000000000000000800000000000000286529203d3e20650100000000000000…
W 1844801 tid=zero-compositor-publish len=491d0100000000000033000000010000000000000001000000000000000000000003000000060000004500000000000000…
R 1844799 tid=renderer-1-ipc-in len=491d0100000000000033000000010000000000000001000000000000000000000003000000060000004500000000000000…
W 1844799 tid=main len=241e01000000000000320000000a0000004400000000000000
R 1844801 tid=renderer-ipc-in len=241e01000000000000320000000a0000004400000000000000
W 1844801 tid=zero-compositor-publish len=361e0100000000000033000000010000000000000001000000000000000000000000000000
R 1844799 tid=renderer-1-ipc-in len=361e0100000000000033000000010000000000000001000000000000000000000000000000
W 1844799 tid=main len=2951f01000000000000320000000900000002000000000000003b00000000000000287574696c6974795363726970742c20…
R 1844801 tid=renderer-ipc-in len=2951f01000000000000320000000900000002000000000000003b00000000000000287574696c6974795363726970742c20…
W 1844801 tid=zero-compositor-publish len=911f0100000000000033000000010000000000000001000000000000000000000003000000030000002b00000000000000…
R 1844799 tid=renderer-1-ipc-in len=911f0100000000000033000000010000000000000001000000000000000000000003000000030000002b00000000000000…
W 1844799 tid=main len=36022001000000000000320000000900000001000000000000003b00000000000000287574696c6974795363726970742c20…
R 1844801 tid=renderer-ipc-in len=36022001000000000000320000000900000001000000000000003b00000000000000287574696c6974795363726970742c20…
W 1844801 tid=zero-compositor-publish len=4020010000000000003300000001000000000000000100000000000000000000000300000000000000
R 1844799 tid=renderer-1-ipc-in len=4020010000000000003300000001000000000000000100000000000000000000000300000000000000
W 1844799 tid=main len=2112101000000000000320000000900000001000000000000003b00000000000000287574696c6974795363726970742c20…
R 1844801 tid=renderer-ipc-in len=2112101000000000000320000000900000001000000000000003b00000000000000287574696c6974795363726970742c20…
W 1844801 tid=zero-compositor-publish len=1220947000000000000001d00000001000000000000000100000000000000170000000000000020030000580200000000803f…
R 1844799 tid=renderer-1-ipc-in len=1220947000000000000001d00000001000000000000000100000000000000170000000000000020030000580200000000803f…
W 1844801 tid=zero-compositor-publish len=1181210100000000000033000000010000000000000001000000000000000000000003000000050000000200000000000000…
R 1844799 tid=renderer-1-ipc-in len=1181210100000000000033000000010000000000000001000000000000000000000003000000050000000200000000000000…
W 1844799 tid=main len=297220100000000000032000000090000004500000000000000f100000000000000286529203d3e20287b206e6f64654e61…
R 1844801 tid=renderer-ipc-in len=297220100000000000032000000090000004500000000000000f100000000000000286529203d3e20287b206e6f64654e61…
W 1844801 tid=zero-compositor-publish len=251220100000000000033000000010000000000000001000000000000000000000003000000050000000500000000000000…
R 1844799 tid=renderer-1-ipc-in len=251220100000000000033000000010000000000000001000000000000000000000003000000050000000500000000000000…
W 1844799 tid=main len=642301000000000000320000000900000045000000000000000800000000000000286529203d3e20650100000000000000…
R 1844801 tid=renderer-ipc-in len=642301000000000000320000000900000045000000000000000800000000000000286529203d3e20650100000000000000…
W 1844801 tid=zero-compositor-publish len=49230100000000000033000000010000000000000001000000000000000000000003000000060000004600000000000000…
R 1844799 tid=renderer-1-ipc-in len=49230100000000000033000000010000000000000001000000000000000000000003000000060000004600000000000000…
W 1844799 tid=main len=2952401000000000000320000000900000001000000000000003b00000000000000287574696c6974795363726970742c20…
R 1844801 tid=renderer-ipc-in len=2952401000000000000320000000900000001000000000000003b00000000000000287574696c6974795363726970742c20…
W 1844801 tid=zero-compositor-publish len=91240100000000000033000000010000000000000001000000000000000000000003000000030000002b00000000000000…
R 1844799 tid=renderer-1-ipc-in len=91240100000000000033000000010000000000000001000000000000000000000003000000030000002b00000000000000…
W 1844799 tid=main len=6042501000000000000320000000900000001000000000000003b00000000000000287574696c6974795363726970742c20…
R 1844801 tid=renderer-ipc-in len=6042501000000000000320000000900000001000000000000003b00000000000000287574696c6974795363726970742c20…
W 1844801 tid=zero-compositor-publish len=4025010000000000003300000001000000000000000100000000000000000000000300000000000000
R 1844799 tid=renderer-1-ipc-in len=4025010000000000003300000001000000000000000100000000000000000000000300000000000000
W 1844799 tid=main len=242601000000000000320000000a0000004600000000000000
R 1844801 tid=renderer-ipc-in len=242601000000000000320000000a0000004600000000000000
W 1844801 tid=zero-compositor-publish len=36260100000000000033000000010000000000000001000000000000000000000000000000
R 1844799 tid=renderer-1-ipc-in len=36260100000000000033000000010000000000000001000000000000000000000000000000
W 1844799 tid=main len=3252701000000000000320000000900000045000000000000000d01000000000000286529203d3e207b2069662028216520…
R 1844801 tid=renderer-ipc-in len=3252701000000000000320000000900000045000000000000000d01000000000000286529203d3e207b2069662028216520…
W 1844801 tid=zero-compositor-publish len=412701000000000000330000000100000000000000010000000000000000000000030000000100000001
R 1844799 tid=renderer-1-ipc-in len=412701000000000000330000000100000000000000010000000000000000000000030000000100000001
W 1844799 tid=main len=256280100000000000032000000090000004500000000000000c800000000000000286529203d3e207b2069662028216520…
R 1844801 tid=renderer-ipc-in len=256280100000000000032000000090000004500000000000000c800000000000000286529203d3e207b2069662028216520…
W 1844801 tid=zero-compositor-publish len=96280100000000000033000000010000000000000001000000000000000000000003000000040000000400000000000000…
R 1844799 tid=renderer-1-ipc-in len=96280100000000000033000000010000000000000001000000000000000000000003000000040000000400000000000000…
W 1844799 tid=main len=22712901000000000000320000000900000001000000000000003b00000000000000287574696c6974795363726970742c20…
R 1844801 tid=renderer-ipc-in len=22712901000000000000320000000900000001000000000000003b00000000000000287574696c6974795363726970742c20…
W 1844801 tid=zero-compositor-publish len=49290100000000000033000000010000000000000001000000000000000000000003000000060000004700000000000000…
R 1844799 tid=renderer-1-ipc-in len=49290100000000000033000000010000000000000001000000000000000000000003000000060000004700000000000000…
W 1844799 tid=main len=2522a01000000000000320000000900000001000000000000003b00000000000000287574696c6974795363726970742c20…
R 1844801 tid=renderer-ipc-in len=2522a01000000000000320000000900000001000000000000003b00000000000000287574696c6974795363726970742c20…
W 1844801 tid=zero-compositor-publish len=662a0100000000000033000000010000000000000001000000000000000000000003000000030000001200000000000000…
R 1844799 tid=renderer-1-ipc-in len=662a0100000000000033000000010000000000000001000000000000000000000003000000030000001200000000000000…
W 1844799 tid=main len=242b01000000000000320000000a0000004700000000000000
R 1844801 tid=renderer-ipc-in len=242b01000000000000320000000a0000004700000000000000
W 1844801 tid=zero-compositor-publish len=362b0100000000000033000000010000000000000001000000000000000000000000000000
R 1844799 tid=renderer-1-ipc-in len=362b0100000000000033000000010000000000000001000000000000000000000000000000
W 1844799 tid=main len=2532c01000000000000320000000900000001000000000000003b00000000000000287574696c6974795363726970742c20…
R 1844801 tid=renderer-ipc-in len=2532c01000000000000320000000900000001000000000000003b00000000000000287574696c6974795363726970742c20…
W 1844801 tid=zero-compositor-publish len=402c010000000000003300000001000000000000000100000000000000000000000300000000000000
R 1844799 tid=renderer-1-ipc-in len=402c010000000000003300000001000000000000000100000000000000000000000300000000000000
W 1844799 tid=main len=242d01000000000000320000000a0000004500000000000000
R 1844801 tid=renderer-ipc-in len=242d01000000000000320000000a0000004500000000000000
W 1844801 tid=zero-compositor-publish len=1217748000000000000001d00000001000000000000000100000000000000180000000000000020030000580200000000803f…
R 1844799 tid=renderer-1-ipc-in len=1217748000000000000001d00000001000000000000000100000000000000180000000000000020030000580200000000803f…
W 1844801 tid=zero-compositor-publish len=362d0100000000000033000000010000000000000001000000000000000000000000000000
R 1844799 tid=renderer-1-ipc-in len=362d0100000000000033000000010000000000000001000000000000000000000000000000
W 1844799 tid=main len=5832e01000000000000320000000900000001000000000000003b00000000000000287574696c6974795363726970742c20…
R 1844801 tid=renderer-ipc-in len=5832e01000000000000320000000900000001000000000000003b00000000000000287574696c6974795363726970742c20…
W 1844801 tid=zero-compositor-publish len=16949000000000000003e000000050000000000000064656275673e000000000000002d2d706c61797772696768742d2d73…
W 1844801 tid=zero-compositor-publish len=204a00000000000000410000000000000000000000
W 1844801 tid=zero-compositor-publish len=402e010000000000003300000001000000000000000100000000000000000000000300000000000000
R 1844799 tid=renderer-1-ipc-in len=16949000000000000003e000000050000000000000064656275673e000000000000002d2d706c61797772696768742d2d73…
R 1844799 tid=renderer-1-ipc-in len=204a00000000000000410000000000000000000000
R 1844799 tid=renderer-1-ipc-in len=402e010000000000003300000001000000000000000100000000000000000000000300000000000000
W 1844801 tid=zero-compositor-publish len=11544b000000000000001d00000001000000000000000100000000000000190000000000000020030000580200000000803f…
R 1844799 tid=renderer-1-ipc-in len=11544b000000000000001d00000001000000000000000100000000000000190000000000000020030000580200000000803f…
W 1844799 tid=main len=37702f01000000000000320000000900000001000000000000003b00000000000000287574696c6974795363726970742c20…
R 1844801 tid=renderer-ipc-in len=37702f01000000000000320000000900000001000000000000003b00000000000000287574696c6974795363726970742c20…
W 1844801 tid=zero-compositor-publish len=4292f0100000000000033000000010000000000000001000000000000000000000003000000050000000200000000000000…
R 1844799 tid=renderer-1-ipc-in len=4292f0100000000000033000000010000000000000001000000000000000000000003000000050000000200000000000000…
W 1844799 tid=main len=24000000000000000006000000f4010000900100000000803f
R 1844801 tid=renderer-ipc-in len=24000000000000000006000000f4010000900100000000803f
W 1844799 tid=main len=2303001000000000000320000000900000002000000000000003b00000000000000287574696c6974795363726970742c20…
R 1844801 tid=renderer-ipc-in len=2303001000000000000320000000900000002000000000000003b00000000000000287574696c6974795363726970742c20…
W 1844801 tid=zero-compositor-publish len=11544c000000000000001d000000010000000000000001000000000000001a00000000000000f4010000900100000000803f…
R 1844799 tid=renderer-1-ipc-in len=11544c000000000000001d000000010000000000000001000000000000001a00000000000000f4010000900100000000803f…
W 1844801 tid=zero-compositor-publish len=115300100000000000033000000010000000000000001000000000000000000000003000000050000000200000000000000…
R 1844799 tid=renderer-1-ipc-in len=115300100000000000033000000010000000000000001000000000000000000000003000000050000000200000000000000…
W 1844799 tid=main len=323101000000000000320000000700000000000000000000000000000000000000
R 1844801 tid=renderer-ipc-in len=323101000000000000320000000700000000000000000000000000000000000000
W 1844801 tid=zero-compositor-publish len=68310100000000000033000000010000000000000001000000000000000100000002000000180000000000000073637269…
R 1844799 tid=renderer-1-ipc-in len=68310100000000000033000000010000000000000001000000000000000100000002000000180000000000000073637269…
W 1844799 tid=main len=1600000000000000000800000000000000
R 1844801 tid=renderer-ipc-in len=1600000000000000000800000000000000
W 1844799 tid=main len=1600000000000000000700000000000000
R 1844801 tid=renderer-ipc-in len=1600000000000000000700000000000000
W 1844801 tid=zero-compositor-publish len=11544d000000000000001d000000010000000000000001000000000000001b00000000000000f4010000900100000000803f…
R 1844799 tid=renderer-1-ipc-in len=11544d000000000000001d000000010000000000000001000000000000001b00000000000000f4010000900100000000803f…
W 1844801 tid=zero-compositor-publish len=11544e000000000000001d000000010000000000000001000000000000001c00000000000000f4010000900100000000803f…
R 1844799 tid=renderer-1-ipc-in len=11544e000000000000001d000000010000000000000001000000000000001c00000000000000f4010000900100000000803f…
W 1844799 tid=main len=620000000000000000000000002100000000000000687474703a2f2f3132372e302e302e313a33393338332f6672616d65…
R 1844801 tid=renderer-ipc-in len=620000000000000000000000002100000000000000687474703a2f2f3132372e302e302e313a33393338332f6672616d65…
W 1844801 tid=zero-compositor-publish len=614f00000000000000360000002100000000000000687474703a2f2f3132372e302e302e313a33393338332f6672616d65…
R 1844799 tid=renderer-1-ipc-in len=614f00000000000000360000002100000000000000687474703a2f2f3132372e302e302e313a33393338332f6672616d65…
W 1844801 tid=zero-compositor-publish len=5350000000000000000d0000002100000000000000687474703a2f2f3132372e302e302e313a33393338332f6672616d65…
R 1844799 tid=renderer-1-ipc-in len=5350000000000000000d0000002100000000000000687474703a2f2f3132372e302e302e313a33393338332f6672616d65…
W 1844801 tid=renderer-runtime-1 len=15700000000000000001900000002000000000000002100000000000000687474703a2f2f3132372e302e302e313a333933…
R 1844799 tid=renderer-1-ipc-in len=15700000000000000001900000002000000000000002100000000000000687474703a2f2f3132372e302e302e313a333933…
W 1844799 tid=main len=55602000000000000001a0000000200000000000000c80005000000000000000c00000000000000636f6e74656e742d7479…
R 1844801 tid=renderer-ipc-in len=55602000000000000001a0000000200000000000000c80005000000000000000c00000000000000636f6e74656e742d7479…
W 1844801 tid=zero-compositor-publish len=189951000000000000001d000000010000000000000002000000000000001d00000000000000f4010000900100000000803f…
W 1844801 tid=zero-compositor-publish len=3252000000000000000c0000000c000000000000006d61747269782d6672616d65
R 1844799 tid=renderer-1-ipc-in len=189951000000000000001d000000010000000000000002000000000000001d00000000000000f4010000900100000000803f…
R 1844799 tid=renderer-1-ipc-in len=3252000000000000000c0000000c000000000000006d61747269782d6672616d65
W 1844801 tid=zero-compositor-publish len=189953000000000000001d000000010000000000000002000000000000001e00000000000000f4010000900100000000803f…
R 1844799 tid=renderer-1-ipc-in len=189953000000000000001d000000010000000000000002000000000000001e00000000000000f4010000900100000000803f…
W 1844801 tid=zero-compositor-publish len=615400000000000000370000002100000000000000687474703a2f2f3132372e302e302e313a33393338332f6672616d65…
W 1844801 tid=zero-compositor-publish len=1255000000000000000e000000
R 1844799 tid=renderer-1-ipc-in len=615400000000000000370000002100000000000000687474703a2f2f3132372e302e302e313a33393338332f6672616d65…
R 1844799 tid=renderer-1-ipc-in len=1255000000000000000e000000
W 1844799 tid=main len=323201000000000000320000000700000000000000000000000000000000000000
R 1844801 tid=renderer-ipc-in len=323201000000000000320000000700000000000000000000000000000000000000
W 1844801 tid=zero-compositor-publish len=189956000000000000001d000000010000000000000002000000000000001f00000000000000f4010000900100000000803f…
R 1844799 tid=renderer-1-ipc-in len=189956000000000000001d000000010000000000000002000000000000001f00000000000000f4010000900100000000803f…
W 1844801 tid=zero-compositor-publish len=6357000000000000003e00000003000000000000006c6f670a000000000000006672616d652d626f6f740e000000000000…
R 1844799 tid=renderer-1-ipc-in len=6357000000000000003e00000003000000000000006c6f670a000000000000006672616d652d626f6f740e000000000000…
W 1844801 tid=zero-compositor-publish len=68320100000000000033000000020000000000000002000000000000000100000002000000180000000000000073637269…
R 1844799 tid=renderer-1-ipc-in len=68320100000000000033000000020000000000000002000000000000000100000002000000180000000000000073637269…
W 1844799 tid=main len=323301000000000000320000000700000000000000000000000000000000000000
R 1844801 tid=renderer-ipc-in len=323301000000000000320000000700000000000000000000000000000000000000
W 1844801 tid=zero-compositor-publish len=68330100000000000033000000020000000000000002000000000000000100000002000000180000000000000073637269…
R 1844799 tid=renderer-1-ipc-in len=68330100000000000033000000020000000000000002000000000000000100000002000000180000000000000073637269…
W 1844799 tid=main len=323401000000000000320000000700000000000000000000000000000000000000
R 1844801 tid=renderer-ipc-in len=323401000000000000320000000700000000000000000000000000000000000000
W 1844801 tid=zero-compositor-publish len=68340100000000000033000000020000000000000002000000000000000100000002000000180000000000000073637269…
R 1844799 tid=renderer-1-ipc-in len=68340100000000000033000000020000000000000002000000000000000100000002000000180000000000000073637269…
W 1844799 tid=main len=323501000000000000320000000700000000000000000000000000000000000000
R 1844801 tid=renderer-ipc-in len=323501000000000000320000000700000000000000000000000000000000000000
W 1844801 tid=zero-compositor-publish len=68350100000000000033000000020000000000000002000000000000000100000002000000180000000000000073637269…
R 1844799 tid=renderer-1-ipc-in len=68350100000000000033000000020000000000000002000000000000000100000002000000180000000000000073637269…
W 1844799 tid=main len=8936010000000000003200000007000000390000000000000072657475726e20537472696e6728646f63756d656e742e71…
R 1844801 tid=renderer-ipc-in len=8936010000000000003200000007000000390000000000000072657475726e20537472696e6728646f63756d656e742e71…
W 1844801 tid=zero-compositor-publish len=49360100000000000033000000020000000000000002000000000000000000000003000000030000000100000000000000…
R 1844799 tid=renderer-1-ipc-in len=49360100000000000033000000020000000000000002000000000000000000000003000000030000000100000000000000…
W 1844799 tid=main len=11061370100000000000032000000080000001b2b0000000000000a202020202020282829203d3e207b0a2020202020202020…
R 1844801 tid=renderer-ipc-in len=11061370100000000000032000000080000001b2b0000000000000a202020202020282829203d3e207b0a2020202020202020…
W 1844801 tid=zero-compositor-publish len=49370100000000000033000000020000000000000002000000000000000000000003000000060000000100000000000000…
R 1844799 tid=renderer-1-ipc-in len=49370100000000000033000000020000000000000002000000000000000000000003000000060000000100000000000000…
W 1844799 tid=main len=2113801000000000000320000000900000001000000000000003b00000000000000287574696c6974795363726970742c20…
R 1844801 tid=renderer-ipc-in len=2113801000000000000320000000900000001000000000000003b00000000000000287574696c6974795363726970742c20…
W 1844801 tid=zero-compositor-publish len=60380100000000000033000000020000000000000002000000000000000000000003000000030000000c00000000000000…
R 1844799 tid=renderer-1-ipc-in len=60380100000000000033000000020000000000000002000000000000000000000003000000030000000c00000000000000…
W 1844799 tid=main len=323901000000000000320000000700000000000000000000000000000000000000
R 1844801 tid=renderer-ipc-in len=323901000000000000320000000700000000000000000000000000000000000000
W 1844801 tid=zero-compositor-publish len=68390100000000000033000000020000000000000002000000000000000100000002000000180000000000000073637269…
R 1844799 tid=renderer-1-ipc-in len=68390100000000000033000000020000000000000002000000000000000100000002000000180000000000000073637269…
W 1844799 tid=main len=1600000000000000000800000000000000
W 1844799 tid=main len=1600000000000000000700000000000000
R 1844801 tid=renderer-ipc-in len=1600000000000000000800000000000000
R 1844801 tid=renderer-ipc-in len=1600000000000000000700000000000000
W 1844801 tid=zero-compositor-publish len=189958000000000000001d000000010000000000000002000000000000002000000000000000f4010000900100000000803f…
R 1844799 tid=renderer-1-ipc-in len=189958000000000000001d000000010000000000000002000000000000002000000000000000f4010000900100000000803f…
W 1844801 tid=zero-compositor-publish len=189959000000000000001d000000010000000000000002000000000000002100000000000000f4010000900100000000803f…
R 1844799 tid=renderer-1-ipc-in len=189959000000000000001d000000010000000000000002000000000000002100000000000000f4010000900100000000803f…
W 1844799 tid=main len=620000000000000000000000002100000000000000687474703a2f2f3132372e302e302e313a33393338332f6672616d65…
R 1844801 tid=renderer-ipc-in len=620000000000000000000000002100000000000000687474703a2f2f3132372e302e302e313a33393338332f6672616d65…
W 1844801 tid=zero-compositor-publish len=615a00000000000000360000002100000000000000687474703a2f2f3132372e302e302e313a33393338332f6672616d65…
R 1844799 tid=renderer-1-ipc-in len=615a00000000000000360000002100000000000000687474703a2f2f3132372e302e302e313a33393338332f6672616d65…
W 1844801 tid=zero-compositor-publish len=535b000000000000000d0000002100000000000000687474703a2f2f3132372e302e302e313a33393338332f6672616d65…
R 1844799 tid=renderer-1-ipc-in len=535b000000000000000d0000002100000000000000687474703a2f2f3132372e302e302e313a33393338332f6672616d65…
W 1844801 tid=renderer-runtime-1 len=15700000000000000001900000003000000000000002100000000000000687474703a2f2f3132372e302e302e313a333933…
R 1844799 tid=renderer-1-ipc-in len=15700000000000000001900000003000000000000002100000000000000687474703a2f2f3132372e302e302e313a333933…
W 1844799 tid=main len=55603000000000000001a0000000300000000000000c80005000000000000000c00000000000000636f6e74656e742d7479…
R 1844801 tid=renderer-ipc-in len=55603000000000000001a0000000300000000000000c80005000000000000000c00000000000000636f6e74656e742d7479…
W 1844801 tid=zero-compositor-publish len=18995c000000000000001d000000010000000000000003000000000000002200000000000000f4010000900100000000803f…
R 1844799 tid=renderer-1-ipc-in len=18995c000000000000001d000000010000000000000003000000000000002200000000000000f4010000900100000000803f…
W 1844801 tid=zero-compositor-publish len=325d000000000000000c0000000c000000000000006d61747269782d6672616d65
R 1844799 tid=renderer-1-ipc-in len=325d000000000000000c0000000c000000000000006d61747269782d6672616d65
W 1844801 tid=zero-compositor-publish len=18995e000000000000001d000000010000000000000003000000000000002300000000000000f4010000900100000000803f…
R 1844799 tid=renderer-1-ipc-in len=18995e000000000000001d000000010000000000000003000000000000002300000000000000f4010000900100000000803f…
W 1844801 tid=zero-compositor-publish len=615f00000000000000370000002100000000000000687474703a2f2f3132372e302e302e313a33393338332f6672616d65…
W 1844801 tid=zero-compositor-publish len=1260000000000000000e000000
R 1844799 tid=renderer-1-ipc-in len=615f00000000000000370000002100000000000000687474703a2f2f3132372e302e302e313a33393338332f6672616d65…
R 1844799 tid=renderer-1-ipc-in len=1260000000000000000e000000
W 1844799 tid=main len=323a01000000000000320000000700000000000000000000000000000000000000
R 1844801 tid=renderer-ipc-in len=323a01000000000000320000000700000000000000000000000000000000000000
W 1844801 tid=zero-compositor-publish len=189961000000000000001d000000010000000000000003000000000000002400000000000000f4010000900100000000803f…
R 1844799 tid=renderer-1-ipc-in len=189961000000000000001d000000010000000000000003000000000000002400000000000000f4010000900100000000803f…
W 1844801 tid=zero-compositor-publish len=6362000000000000003e00000003000000000000006c6f670a000000000000006672616d652d626f6f740e000000000000…
R 1844799 tid=renderer-1-ipc-in len=6362000000000000003e00000003000000000000006c6f670a000000000000006672616d652d626f6f740e000000000000…
W 1844801 tid=zero-compositor-publish len=683a0100000000000033000000030000000000000003000000000000000100000002000000180000000000000073637269…
R 1844799 tid=renderer-1-ipc-in len=683a0100000000000033000000030000000000000003000000000000000100000002000000180000000000000073637269…
W 1844799 tid=main len=323b01000000000000320000000700000000000000000000000000000000000000
R 1844801 tid=renderer-ipc-in len=323b01000000000000320000000700000000000000000000000000000000000000
W 1844801 tid=zero-compositor-publish len=683b0100000000000033000000030000000000000003000000000000000100000002000000180000000000000073637269…
R 1844799 tid=renderer-1-ipc-in len=683b0100000000000033000000030000000000000003000000000000000100000002000000180000000000000073637269…
W 1844799 tid=main len=323c01000000000000320000000700000000000000000000000000000000000000
R 1844801 tid=renderer-ipc-in len=323c01000000000000320000000700000000000000000000000000000000000000
W 1844801 tid=zero-compositor-publish len=683c0100000000000033000000030000000000000003000000000000000100000002000000180000000000000073637269…
R 1844799 tid=renderer-1-ipc-in len=683c0100000000000033000000030000000000000003000000000000000100000002000000180000000000000073637269…
W 1844799 tid=main len=323d01000000000000320000000700000000000000000000000000000000000000
R 1844801 tid=renderer-ipc-in len=323d01000000000000320000000700000000000000000000000000000000000000
W 1844801 tid=zero-compositor-publish len=683d0100000000000033000000030000000000000003000000000000000100000002000000180000000000000073637269…
R 1844799 tid=renderer-1-ipc-in len=683d0100000000000033000000030000000000000003000000000000000100000002000000180000000000000073637269…
W 1844799 tid=main len=323e01000000000000320000000700000000000000000000000000000000000000
R 1844801 tid=renderer-ipc-in len=323e01000000000000320000000700000000000000000000000000000000000000
W 1844801 tid=zero-compositor-publish len=683e0100000000000033000000030000000000000003000000000000000100000002000000180000000000000073637269…
R 1844799 tid=renderer-1-ipc-in len=683e0100000000000033000000030000000000000003000000000000000100000002000000180000000000000073637269…
W 1844799 tid=main len=893f010000000000003200000007000000390000000000000072657475726e20537472696e6728646f63756d656e742e71…
R 1844801 tid=renderer-ipc-in len=893f010000000000003200000007000000390000000000000072657475726e20537472696e6728646f63756d656e742e71…
W 1844801 tid=zero-compositor-publish len=493f0100000000000033000000030000000000000003000000000000000000000003000000030000000100000000000000…
R 1844799 tid=renderer-1-ipc-in len=493f0100000000000033000000030000000000000003000000000000000000000003000000030000000100000000000000…
W 1844799 tid=main len=56400100000000000032000000080000000a00000000000000287b20673a2031207d29010c000000000000007a772d6532…
R 1844801 tid=renderer-ipc-in len=56400100000000000032000000080000000a00000000000000287b20673a2031207d29010c000000000000007a772d6532…
W 1844801 tid=zero-compositor-publish len=49400100000000000033000000030000000000000003000000000000000000000003000000060000000100000000000000…
R 1844799 tid=renderer-1-ipc-in len=49400100000000000033000000030000000000000003000000000000000000000003000000060000000100000000000000…
W 1844799 tid=main len=364101000000000000320000000b0000000c000000000000007a772d6532652d67726f7570
R 1844801 tid=renderer-ipc-in len=364101000000000000320000000b0000000c000000000000007a772d6532652d67726f7570
W 1844801 tid=zero-compositor-publish len=36410100000000000033000000030000000000000003000000000000000000000000000000
R 1844799 tid=renderer-1-ipc-in len=36410100000000000033000000030000000000000003000000000000000000000000000000
W 1844799 tid=main len=66420100000000000032000000090000000100000000000000170000000000000066756e6374696f6e2829207b20726574…
R 1844801 tid=renderer-ipc-in len=66420100000000000032000000090000000100000000000000170000000000000066756e6374696f6e2829207b20726574…
R 1844799 tid=renderer-1-ipc-in len=894201000000000000330000000300000000000000030000000000000001000000040000002d000000000000006f626a65…
W 1844801 tid=zero-compositor-publish len=894201000000000000330000000300000000000000030000000000000001000000040000002d000000000000006f626a65…
W 1844799 tid=main len=590000000000000000000000001e00000000000000687474703a2f2f3132372e302e302e313a33393338332f75612e6874…
R 1844801 tid=renderer-ipc-in len=590000000000000000000000001e00000000000000687474703a2f2f3132372e302e302e313a33393338332f75612e6874…
W 1844801 tid=zero-compositor-publish len=586300000000000000360000001e00000000000000687474703a2f2f3132372e302e302e313a33393338332f75612e6874…
W 1844801 tid=zero-compositor-publish len=5064000000000000000d0000001e00000000000000687474703a2f2f3132372e302e302e313a33393338332f75612e6874…
R 1844799 tid=renderer-1-ipc-in len=586300000000000000360000001e00000000000000687474703a2f2f3132372e302e302e313a33393338332f75612e6874…
R 1844799 tid=renderer-1-ipc-in len=5064000000000000000d0000001e00000000000000687474703a2f2f3132372e302e302e313a33393338332f75612e6874…
W 1844801 tid=renderer-runtime-1 len=15400000000000000001900000004000000000000001e00000000000000687474703a2f2f3132372e302e302e313a333933…
R 1844799 tid=renderer-1-ipc-in len=15400000000000000001900000004000000000000001e00000000000000687474703a2f2f3132372e302e302e313a333933…
W 1844799 tid=main len=37404000000000000001a0000000400000000000000c80005000000000000000c00000000000000636f6e74656e742d7479…
R 1844801 tid=renderer-ipc-in len=37404000000000000001a0000000400000000000000c80005000000000000000c00000000000000636f6e74656e742d7479…
W 1844801 tid=renderer-runtime-1 len=19900000000000000001900000005000000000000002a00000000000000687474703a2f2f3132372e302e302e313a333933…
R 1844799 tid=renderer-1-ipc-in len=19900000000000000001900000005000000000000002a00000000000000687474703a2f2f3132372e302e302e313a333933…
W 1844801 tid=zero-compositor-publish len=59365000000000000001d000000010000000000000004000000000000002500000000000000f4010000900100000000803f…
W 1844801 tid=zero-compositor-publish len=2966000000000000000c00000009000000000000006d61747269782d7561
R 1844799 tid=renderer-1-ipc-in len=59365000000000000001d000000010000000000000004000000000000002500000000000000f4010000900100000000803f…
R 1844799 tid=renderer-1-ipc-in len=2966000000000000000c00000009000000000000006d61747269782d7561
W 1844799 tid=main len=26205000000000000001a0000000500000000000000c80005000000000000000c00000000000000636f6e74656e742d7479…
R 1844801 tid=renderer-ipc-in len=26205000000000000001a0000000500000000000000c80005000000000000000c00000000000000636f6e74656e742d7479…
W 1844801 tid=renderer-runtime-1 len=9000000000000000001900000006000000000000002a00000000000000687474703a2f2f3132372e302e302e313a333933…
R 1844799 tid=renderer-1-ipc-in len=9000000000000000001900000006000000000000002a00000000000000687474703a2f2f3132372e302e302e313a333933…
W 1844799 tid=main len=26206000000000000001a0000000600000000000000c80005000000000000000c00000000000000636f6e74656e742d7479…
R 1844801 tid=renderer-ipc-in len=26206000000000000001a0000000600000000000000c80005000000000000000c00000000000000636f6e74656e742d7479…
W 1844801 tid=zero-compositor-publish len=59367000000000000001d000000010000000000000004000000000000002600000000000000f4010000900100000000803f…
R 1844799 tid=renderer-1-ipc-in len=59367000000000000001d000000010000000000000004000000000000002600000000000000f4010000900100000000803f…
W 1844801 tid=zero-compositor-publish len=59368000000000000001d000000010000000000000004000000000000002700000000000000f4010000900100000000803f…
R 1844799 tid=renderer-1-ipc-in len=59368000000000000001d000000010000000000000004000000000000002700000000000000f4010000900100000000803f…
W 1844801 tid=renderer-runtime-1 len=9000000000000000001900000007000000000000002a00000000000000687474703a2f2f3132372e302e302e313a333933…
R 1844799 tid=renderer-1-ipc-in len=9000000000000000001900000007000000000000002a00000000000000687474703a2f2f3132372e302e302e313a333933…
W 1844799 tid=main len=26207000000000000001a0000000700000000000000c80005000000000000000c00000000000000636f6e74656e742d7479…
R 1844801 tid=renderer-ipc-in len=26207000000000000001a0000000700000000000000c80005000000000000000c00000000000000636f6e74656e742d7479…
W 1844801 tid=zero-compositor-publish len=59369000000000000001d000000010000000000000004000000000000002800000000000000f4010000900100000000803f…
R 1844799 tid=renderer-1-ipc-in len=59369000000000000001d000000010000000000000004000000000000002800000000000000f4010000900100000000803f…
W 1844801 tid=zero-compositor-publish len=586a00000000000000370000001e00000000000000687474703a2f2f3132372e302e302e313a33393338332f75612e6874…
W 1844801 tid=zero-compositor-publish len=126b000000000000000e000000
R 1844799 tid=renderer-1-ipc-in len=586a00000000000000370000001e00000000000000687474703a2f2f3132372e302e302e313a33393338332f75612e6874…
R 1844799 tid=renderer-1-ipc-in len=126b000000000000000e000000
W 1844799 tid=main len=324301000000000000320000000700000000000000000000000000000000000000
R 1844801 tid=renderer-ipc-in len=324301000000000000320000000700000000000000000000000000000000000000
W 1844801 tid=zero-compositor-publish len=68430100000000000033000000040000000000000004000000000000000100000002000000180000000000000073637269…
R 1844799 tid=renderer-1-ipc-in len=68430100000000000033000000040000000000000004000000000000000100000002000000180000000000000073637269…
W 1844799 tid=main len=324401000000000000320000000700000000000000000000000000000000000000
R 1844801 tid=renderer-ipc-in len=324401000000000000320000000700000000000000000000000000000000000000
W 1844801 tid=zero-compositor-publish len=68440100000000000033000000040000000000000004000000000000000100000002000000180000000000000073637269…
R 1844799 tid=renderer-1-ipc-in len=68440100000000000033000000040000000000000004000000000000000100000002000000180000000000000073637269…
W 1844799 tid=main len=324501000000000000320000000700000000000000000000000000000000000000
R 1844801 tid=renderer-ipc-in len=324501000000000000320000000700000000000000000000000000000000000000
W 1844801 tid=zero-compositor-publish len=68450100000000000033000000040000000000000004000000000000000100000002000000180000000000000073637269…
R 1844799 tid=renderer-1-ipc-in len=68450100000000000033000000040000000000000004000000000000000100000002000000180000000000000073637269…
W 1844799 tid=main len=324601000000000000320000000700000000000000000000000000000000000000
R 1844801 tid=renderer-ipc-in len=324601000000000000320000000700000000000000000000000000000000000000
W 1844801 tid=zero-compositor-publish len=68460100000000000033000000040000000000000004000000000000000100000002000000180000000000000073637269…
R 1844799 tid=renderer-1-ipc-in len=68460100000000000033000000040000000000000004000000000000000100000002000000180000000000000073637269…
W 1844799 tid=main len=324701000000000000320000000700000000000000000000000000000000000000
R 1844801 tid=renderer-ipc-in len=324701000000000000320000000700000000000000000000000000000000000000
W 1844801 tid=zero-compositor-publish len=68470100000000000033000000040000000000000004000000000000000100000002000000180000000000000073637269…
R 1844799 tid=renderer-1-ipc-in len=68470100000000000033000000040000000000000004000000000000000100000002000000180000000000000073637269…
W 1844799 tid=main len=8948010000000000003200000007000000390000000000000072657475726e20537472696e6728646f63756d656e742e71…
R 1844801 tid=renderer-ipc-in len=8948010000000000003200000007000000390000000000000072657475726e20537472696e6728646f63756d656e742e71…
W 1844801 tid=zero-compositor-publish len=49480100000000000033000000040000000000000004000000000000000000000003000000030000000100000000000000…
R 1844799 tid=renderer-1-ipc-in len=49480100000000000033000000040000000000000004000000000000000000000003000000030000000100000000000000…
W 1844799 tid=main len=11061490100000000000032000000080000001b2b0000000000000a202020202020282829203d3e207b0a2020202020202020…
R 1844801 tid=renderer-ipc-in len=11061490100000000000032000000080000001b2b0000000000000a202020202020282829203d3e207b0a2020202020202020…
W 1844801 tid=zero-compositor-publish len=49490100000000000033000000040000000000000004000000000000000000000003000000060000000100000000000000…
R 1844799 tid=renderer-1-ipc-in len=49490100000000000033000000040000000000000004000000000000000000000003000000060000000100000000000000…
W 1844799 tid=main len=2754a01000000000000320000000900000001000000000000003b00000000000000287574696c6974795363726970742c20…
R 1844801 tid=renderer-ipc-in len=2754a01000000000000320000000900000001000000000000003b00000000000000287574696c6974795363726970742c20…
W 1844801 tid=renderer-js-1 len=1601000000000000403a00000007000000
R 1844799 tid=renderer-1-ipc-in len=1601000000000000403a00000007000000
W 1844799 tid=main len=2101000000000000403b000000000000000400000000
R 1844801 tid=renderer-ipc-in len=2101000000000000403b000000000000000400000000
W 1844801 tid=zero-compositor-publish len=1594a0100000000000033000000040000000000000004000000000000000000000003000000050000000200000000000000…
W 1844801 tid=zero-compositor-publish len=836c00000000000000400000000005000000000000002100000000000000687474703a2f2f3132372e302e302e313a3339…
R 1844799 tid=renderer-1-ipc-in len=1594a0100000000000033000000040000000000000004000000000000000000000003000000050000000200000000000000…
W 1844801 tid=zero-compositor-publish len=806d00000000000000400000000105000000000000002100000000000000687474703a2f2f3132372e302e302e313a3339…
W 1844801 tid=zero-compositor-publish len=806e00000000000000400000000205000000000000002100000000000000687474703a2f2f3132372e302e302e313a3339…
R 1844799 tid=renderer-1-ipc-in len=836c00000000000000400000000005000000000000002100000000000000687474703a2f2f3132372e302e302e313a3339…
R 1844799 tid=renderer-1-ipc-in len=806d00000000000000400000000105000000000000002100000000000000687474703a2f2f3132372e302e302e313a3339…
R 1844799 tid=renderer-1-ipc-in len=806e00000000000000400000000205000000000000002100000000000000687474703a2f2f3132372e302e302e313a3339…
